id,idx,filename,label,time,time_norm,cidx,file_idx
42,1,1_1_2_20161219161757030.jpg.chip.jpg,Not smiling,1.4754,1.0,0.0,0.0
42,2,1_0_2_20161219194849659.jpg.chip.jpg,Not smiling,0.8943,0.5027808676307007,149.16573971078978,1.0
42,3,1_0_2_20161219205702141.jpg.chip.jpg,Not smiling,0.5393,0.19902455720030804,240.2926328399076,2.0
42,4,1_1_2_20161219155926197.jpg.chip.jpg,Not smiling,0.6319,0.2782578933858133,216.522631984256,3.0
42,5,1_1_2_20161219200456451.jpg.chip.jpg,Not smiling,0.544,0.20304611962009073,239.08616411397276,4.0
42,6,1_0_2_20161219222555031.jpg.chip.jpg,Not smiling,0.495,0.16111919226490973,251.66424232052705,5.0
42,7,1_0_2_20161219153055452.jpg.chip.jpg,Not smiling,0.5454,0.2042440318302387,238.72679045092838,6.0
42,8,1_1_2_20161219195928428.jpg.chip.jpg,Not smiling,0.3915,0.07255925387182344,278.23222383845297,7.0
42,9,1_0_2_20161219202752764.jpg.chip.jpg,Smiling,0.7691,0.39565328998032,-181.30401300590398,8.0
42,10,1_1_2_20161219221241583.jpg.chip.jpg,Not smiling,0.6577,0.30033370411568405,209.89988876529478,9.0
42,11,1_0_2_20161219202914180.jpg.chip.jpg,Not smiling,0.5656,0.22152819371951743,233.54154188414475,10.0
42,12,1_0_2_20161219161640358.jpg.chip.jpg,Not smiling,0.4849,0.15247711132027036,254.2568666039189,11.0
42,13,1_1_2_20161219220611473.jpg.chip.jpg,Smiling,0.4202,0.09711645417985798,-270.8650637460426,12.0
42,14,1_0_2_20161219212502046.jpg.chip.jpg,Not smiling,0.4248,0.10105245144177294,269.6842645674681,13.0
42,15,1_1_2_20161219221243095.jpg.chip.jpg,Smiling,0.422,0.09865662702147687,-270.40301189355694,14.0
42,16,1_0_2_20161219222459119.jpg.chip.jpg,Not smiling,0.4568,0.12843330195944208,261.47000941216737,15.0
42,17,1_0_2_20161219162847615.jpg.chip.jpg,Not smiling,0.4776,0.14623085479592712,256.1307435612219,16.0
42,18,1_0_2_20161219155857576.jpg.chip.jpg,Smiling,0.3856,0.06751090955762812,-279.74672713271156,17.0
42,19,1_0_2_20161219212557190.jpg.chip.jpg,Smiling,0.5,0.16539745015829554,-250.38076495251133,18.0
42,20,1_0_2_20161219142002631.jpg.chip.jpg,Not smiling,0.6746,0.31479421579532807,205.56173526140157,19.0
42,21,1_0_2_20161219195848259.jpg.chip.jpg,Not smiling,0.4779,0.14648755026953025,256.05373491914094,20.0
42,22,1_0_2_20161219160450054.jpg.chip.jpg,Not smiling,0.6045,0.2548130401300591,223.55608796098227,21.0
42,23,1_0_2_20161219195334724.jpg.chip.jpg,Not smiling,0.4717,0.14118251048173186,257.6452468554804,22.0
42,24,1_0_2_20161219194804739.jpg.chip.jpg,Not smiling,0.4803,0.14854111405835546,255.43766578249335,23.0
42,25,1_0_2_20161219204012884.jpg.chip.jpg,Smiling,0.5257,0.18738769573029856,-243.78369128091043,24.0
42,26,1_1_2_20161219155811293.jpg.chip.jpg,Not smiling,0.4707,0.14032685890305469,257.9019423290836,25.0
42,27,1_1_2_20161219222801647.jpg.chip.jpg,Not smiling,0.6623,0.304269701377599,208.7190895867203,26.0
42,28,1_0_2_20161219162817126.jpg.chip.jpg,Smiling,0.5436,0.2027038589886198,-239.18884230341405,27.0
42,29,1_0_2_20161219222046607.jpg.chip.jpg,Not smiling,0.6555,0.29845127064259425,210.46461880722174,28.0
42,30,1_1_2_20161219142106376.jpg.chip.jpg,Not smiling,0.5995,0.25053478223667325,224.83956532899802,29.0
42,31,1_1_2_20161219190745330.jpg.chip.jpg,Not smiling,0.5052,0.16984683836741676,249.04594848977496,30.0
42,32,1_1_2_20161219220411361.jpg.chip.jpg,Not smiling,0.6458,0.2901514503294259,212.95456490117223,31.0
42,33,1_1_2_20161219204542005.jpg.chip.jpg,Smiling,0.5973,0.24865234876358355,-225.40429537092493,32.0
42,34,1_0_2_20161219161428895.jpg.chip.jpg,Smiling,0.4897,0.15658423889792078,-253.02472833062376,33.0
42,35,1_1_2_20161219155927997.jpg.chip.jpg,Smiling,0.4567,0.1283477368015744,-261.49567895952765,34.0
42,36,1_0_2_20161219202906108.jpg.chip.jpg,Smiling,0.6334,0.279541370753829,-216.1375887738513,35.0
42,37,1_0_2_20161219205016902.jpg.chip.jpg,Smiling,0.4625,0.13331051595790194,-260.0068452126294,36.0
42,38,1_0_2_20170109192222822.jpg.chip.jpg,Smiling,0.452,0.12432617438179178,-262.7021476854625,37.0
42,39,1_0_2_20161219195643627.jpg.chip.jpg,Smiling,0.5551,0.2125438521434072,-236.23684435697783,38.0
42,40,1_0_2_20161219200503284.jpg.chip.jpg,Smiling,0.4959,0.16188927868571917,-251.43321639428427,39.0
42,41,1_0_2_20161219205836181.jpg.chip.jpg,Not smiling,0.5402,0.19979464362111748,240.06160691366475,40.0
42,42,1_0_2_20161219161625326.jpg.chip.jpg,Smiling,0.4999,0.16531188500042782,-250.40643449987166,41.0
42,43,1_1_2_20161219221915303.jpg.chip.jpg,Not smiling,0.5169,0.17985796183793962,246.0426114486181,42.0
42,44,1_0_2_20170109191453449.jpg.chip.jpg,Not smiling,0.5741,0.22880123213827336,231.35963035851802,43.0
42,45,1_0_2_20161219155655085.jpg.chip.jpg,Not smiling,0.5653,0.2212714982459143,233.6185505262257,44.0
42,46,1_1_2_20161219205514837.jpg.chip.jpg,Not smiling,0.4586,0.12997347480106103,261.0079575596817,45.0
42,47,1_0_2_20161219194721851.jpg.chip.jpg,Not smiling,0.5298,0.19089586720287505,242.73123983913746,46.0
42,48,1_0_2_20161219212929702.jpg.chip.jpg,Smiling,0.4864,0.15376058868828613,-253.87182339351415,47.0
42,49,1_0_2_20161219141927321.jpg.chip.jpg,Not smiling,0.5181,0.1808847437323522,245.73457688029436,48.0
42,50,1_0_2_20161219141912009.jpg.chip.jpg,Smiling,0.4697,0.1394712073243775,-258.1586378026867,49.0
42,51,1_1_2_20161219161814470.jpg.chip.jpg,Not smiling,0.5835,0.23684435697783862,228.9466929066484,50.0
42,52,1_0_2_20161219204252348.jpg.chip.jpg,Smiling,0.4919,0.15846667237101053,-252.45999828869685,51.0
42,53,1_1_2_20161219155907501.jpg.chip.jpg,Not smiling,0.5806,0.23436296739967483,229.69110978009758,52.0
42,54,1_1_2_20161219202945116.jpg.chip.jpg,Smiling,0.4807,0.14888337468982632,-255.3349875930521,53.0
42,55,1_0_2_20161219160107597.jpg.chip.jpg,Smiling,0.591,0.24326174381791732,-227.0214768546248,54.0
42,56,1_0_2_20161219222752047.jpg.chip.jpg,Not smiling,0.568,0.22358175750834258,232.92547274749725,55.0
42,57,1_1_2_20161219200119571.jpg.chip.jpg,Not smiling,0.5155,0.17866004962779153,246.40198511166255,56.0
42,58,1_0_2_20161219154038141.jpg.chip.jpg,Not smiling,0.6157,0.2643963378112433,220.68109865662703,57.0
42,59,1_0_2_20161219154354285.jpg.chip.jpg,Smiling,0.4728,0.1421237272182767,-257.362881834517,58.0
42,60,1_0_2_20161219162431598.jpg.chip.jpg,Smiling,0.5771,0.23136818687430472,-230.58954393770858,59.0
42,61,1_0_2_20161219222456375.jpg.chip.jpg,Not smiling,0.4593,0.13057243090613502,260.8282707281595,60.0
42,62,1_0_2_20161219204836612.jpg.chip.jpg,Not smiling,0.4346,0.10943783691280912,267.1686489261573,61.0
42,63,1_1_2_20161219195630371.jpg.chip.jpg,Smiling,0.4155,0.0930948917600753,-272.0715324719774,62.0
42,64,1_0_2_20161219162846063.jpg.chip.jpg,Not smiling,0.7099,0.3449987165226319,196.50038504321043,63.0
42,65,1_0_2_20161219194845363.jpg.chip.jpg,Not smiling,0.5996,0.250620347394541,224.8138957816377,64.0
42,66,1_0_2_20161219155802845.jpg.chip.jpg,Smiling,0.4786,0.1470865063746043,-255.87404808761872,65.0
42,67,1_0_2_20161219154024292.jpg.chip.jpg,Smiling,0.5331,0.19371951741250965,-241.8841447762471,66.0
42,68,1_1_2_20161219222703503.jpg.chip.jpg,Not smiling,0.3903,0.0715324719774108,278.54025840677673,67.0
42,69,1_0_2_20161219205827749.jpg.chip.jpg,Smiling,0.459,0.1303157354325319,-260.9052793702404,68.0
42,70,1_1_2_20161219162225422.jpg.chip.jpg,Not smiling,0.5072,0.1715581415247711,248.53255754256867,69.0
42,71,1_0_2_20161219222609775.jpg.chip.jpg,Not smiling,0.545,0.2039017711987679,238.82946864036964,70.0
42,72,1_0_2_20161219205111061.jpg.chip.jpg,Not smiling,0.5187,0.1813981346795585,245.58055959613242,71.0
42,73,1_0_2_20161219204010237.jpg.chip.jpg,Not smiling,0.4628,0.13356721143150507,259.9298365705485,72.0
42,74,1_1_2_20161219162415934.jpg.chip.jpg,Not smiling,0.497,0.16283049542226408,251.15085137332076,73.0
42,75,1_0_2_20161219221845695.jpg.chip.jpg,Not smiling,0.4172,0.09454949944382651,271.63515016685204,74.0
42,76,1_0_2_20161219212824950.jpg.chip.jpg,Smiling,0.4336,0.10858218533413194,-267.4253443997604,75.0
42,77,1_1_2_20161219141709601.jpg.chip.jpg,Not smiling,0.4834,0.15119363395225466,254.6419098143236,76.0
42,78,1_0_2_20161219220247471.jpg.chip.jpg,Smiling,0.5007,0.1659964062633696,-250.2010781209891,77.0
42,79,1_1_2_20161219193510436.jpg.chip.jpg,Not smiling,0.4703,0.13998459827158383,258.00462051852486,78.0
42,80,1_0_2_20161219203310132.jpg.chip.jpg,Not smiling,0.4716,0.14109694532386413,257.67091640284076,79.0
42,81,1_0_2_20161219211707638.jpg.chip.jpg,Smiling,0.5156,0.17874561478565926,-246.37631556430225,80.0
42,82,1_0_2_20170110213009014.jpg.chip.jpg,Not smiling,0.465,0.13544964490459488,259.36510652862154,81.0
42,83,1_0_2_20161219161826830.jpg.chip.jpg,Not smiling,0.482,0.14999572174210662,255.00128347736802,82.0
42,84,1_1_2_20161219192458643.jpg.chip.jpg,Not smiling,0.5273,0.18875673825618206,243.37297852314538,83.0
42,85,1_0_2_20161219190831555.jpg.chip.jpg,Smiling,0.4968,0.16265936510652862,-251.2021904680414,84.0
42,86,1_0_2_20161219212648582.jpg.chip.jpg,Smiling,0.5284,0.18969795499272696,-243.09061350218192,85.0
42,87,1_1_2_20161219195923075.jpg.chip.jpg,Smiling,0.4999,0.16531188500042782,-250.40643449987166,86.0
42,88,1_0_2_20161219194543059.jpg.chip.jpg,Not smiling,0.4379,0.11226148712244377,266.32155386326684,87.0
42,89,1_0_2_20161219212444782.jpg.chip.jpg,Not smiling,0.4548,0.1267219988020878,261.98340035937366,88.0
42,90,1_1_2_20161219221229279.jpg.chip.jpg,Not smiling,0.4113,0.08950115512963125,273.14965346111063,89.0
42,91,1_0_2_20161219204024196.jpg.chip.jpg,Smiling,0.5761,0.2305125352956276,-230.8462394113117,90.0
42,92,1_0_2_20161219155413397.jpg.chip.jpg,Smiling,0.4838,0.15153589458372552,-254.53923162488235,91.0
42,93,1_0_2_20161219155659165.jpg.chip.jpg,Smiling,0.6234,0.2709848549670574,-218.7045435098828,92.0
42,94,1_1_2_20161219210327381.jpg.chip.jpg,Not smiling,0.437,0.11149140070163432,266.5525797895097,93.0
42,95,1_1_2_20161219202522028.jpg.chip.jpg,Not smiling,0.4686,0.13852999058783266,258.4410028236502,94.0
42,96,1_0_2_20161219211836743.jpg.chip.jpg,Not smiling,0.5982,0.2494224351843929,225.17326944468212,95.0
42,97,1_0_2_20161219154715885.jpg.chip.jpg,Smiling,0.4593,0.13057243090613502,-260.8282707281595,96.0
42,98,1_0_2_20161219161032534.jpg.chip.jpg,Smiling,0.4815,0.14956789595276804,-255.1296312141696,97.0
42,99,1_0_2_20161219195959395.jpg.chip.jpg,Smiling,0.5278,0.1891845640455207,-243.24463078634378,98.0
42,100,1_0_2_20161219161919870.jpg.chip.jpg,Smiling,0.4856,0.1530760674253444,-254.07717977239668,99.0
42,101,1_0_2_20161219203105373.jpg.chip.jpg,Not smiling,0.512,0.17566526910242153,247.30041926927353,100.0
42,102,1_1_2_20161219202852780.jpg.chip.jpg,Not smiling,0.5689,0.22435184392915203,232.6944468212544,101.0
42,103,1_0_2_20161219204958037.jpg.chip.jpg,Not smiling,0.549,0.20732437751347654,237.80268674595703,102.0
42,104,1_0_2_20161219222219286.jpg.chip.jpg,Not smiling,0.4065,0.08539402755198083,274.38179173440574,103.0
42,105,1_0_2_20161219211107805.jpg.chip.jpg,Not smiling,0.4098,0.08821767776161549,273.53469667151535,104.0
42,106,1_0_2_20161219200004228.jpg.chip.jpg,Smiling,0.516,0.17908787541713017,-246.27363737486095,105.0
42,107,1_0_2_20161219162852759.jpg.chip.jpg,Smiling,0.4275,0.10336271070420128,-268.99118678873964,106.0
42,108,1_1_2_20161219162419463.jpg.chip.jpg,Smiling,0.5586,0.21553863266877726,-235.33841019936682,107.0
42,109,1_0_2_20161219195800652.jpg.chip.jpg,Smiling,0.4865,0.15384615384615385,-253.84615384615384,108.0
42,110,1_0_2_20161219210310309.jpg.chip.jpg,Not smiling,0.4498,0.12244374090870197,263.2668777273894,109.0
42,111,1_1_2_20161219212720270.jpg.chip.jpg,Not smiling,0.5407,0.20022246941045602,239.9332591768632,110.0
42,112,1_1_2_20161219153429836.jpg.chip.jpg,Not smiling,0.9719,0.5691794301360485,129.24617095918543,111.0
42,113,1_0_2_20170109192102236.jpg.chip.jpg,Smiling,0.4599,0.13108582185334128,-260.6742534439976,112.0
42,114,1_1_2_20161219153439021.jpg.chip.jpg,Not smiling,0.5545,0.2120304611962009,236.3908616411397,113.0
42,115,1_0_2_20161219193938507.jpg.chip.jpg,Smiling,0.4418,0.11559852827928468,-265.3204415162146,114.0
42,116,1_0_2_20161219195639772.jpg.chip.jpg,Smiling,0.4411,0.11499957217421064,-265.5001283477368,115.0
42,117,1_1_2_20161219210324181.jpg.chip.jpg,Not smiling,0.5131,0.17660648583896638,247.01805424831008,116.0
42,118,1_1_2_20161219221706807.jpg.chip.jpg,Not smiling,0.5459,0.20467185761957735,238.59844271412678,117.0
42,119,1_0_2_20161219211407518.jpg.chip.jpg,Smiling,0.5547,0.2122015915119363,-236.33952254641912,118.0
42,120,1_0_2_20161219155701277.jpg.chip.jpg,Not smiling,0.4877,0.1548729357405665,253.53811927783005,119.0
42,121,1_1_2_20161219192240930.jpg.chip.jpg,Not smiling,0.5982,0.2494224351843929,225.17326944468212,120.0
42,122,1_0_2_20161219221912695.jpg.chip.jpg,Not smiling,0.7538,0.38256182082655943,185.23145375203217,121.0
42,123,1_1_2_20161219200309555.jpg.chip.jpg,Not smiling,0.4295,0.10507401386155557,268.47779584153335,122.0
42,124,1_0_2_20161219140525218.jpg.chip.jpg,Not smiling,0.426,0.10207923333618552,269.37622999914436,123.0
42,125,1_1_2_20161219220348151.jpg.chip.jpg,Not smiling,0.3682,0.052622572088645514,284.21322837340637,124.0
42,126,1_1_2_20161219202727078.jpg.chip.jpg,Not smiling,0.4407,0.11465731154273978,265.602806537178,125.0
42,127,1_0_2_20161220145040127.jpg.chip.jpg,Smiling,0.473,0.1422948575340121,-257.3115427397963,126.0
42,128,1_0_2_20161219190025955.jpg.chip.jpg,Smiling,0.6465,0.2907504064344998,-212.77487806965007,127.0
42,129,1_1_2_20161219194655428.jpg.chip.jpg,Not smiling,0.6044,0.2547274749721914,223.58175750834258,128.0
42,130,1_0_2_20161219203743797.jpg.chip.jpg,Not smiling,0.7633,0.3906905108239924,182.79284675280226,129.0
42,131,1_0_2_20161219205758717.jpg.chip.jpg,Not smiling,0.5463,0.2050141182510482,238.49576452468554,130.0
42,132,1_0_2_20161219205225773.jpg.chip.jpg,Not smiling,0.5047,0.16941901257807823,249.17429622657653,131.0
42,133,1_0_2_20161219202542596.jpg.chip.jpg,Not smiling,0.4564,0.12809104132797122,261.5726876016086,132.0
42,134,1_1_2_20161219201159932.jpg.chip.jpg,Not smiling,0.5923,0.24437409087019768,226.6877727389407,133.0
42,135,1_0_2_20161219155411381.jpg.chip.jpg,Smiling,0.4988,0.16437066826388297,-250.6887995208351,134.0
42,136,1_0_2_20161219161616326.jpg.chip.jpg,Smiling,0.542,0.20133481646273643,-239.59955506117907,135.0
42,137,1_0_2_20161219155744942.jpg.chip.jpg,Not smiling,0.4376,0.11200479164884058,266.3985625053478,136.0
42,138,1_1_2_20161219220631367.jpg.chip.jpg,Not smiling,0.5652,0.22118593308804657,233.64422007358604,137.0
42,139,1_0_2_20161219200342123.jpg.chip.jpg,Not smiling,0.5086,0.1727560537349192,248.17318387952423,138.0
42,140,1_0_2_20161219213454832.jpg.chip.jpg,Not smiling,0.427,0.10293488491486269,269.1195345255412,139.0
42,141,1_1_2_20161219195318220.jpg.chip.jpg,Not smiling,0.4583,0.12971677932745784,261.08496620176265,140.0
42,142,1_0_2_20161219201442357.jpg.chip.jpg,Not smiling,0.3587,0.04449388209121247,286.6518353726363,141.0
42,143,1_0_2_20161219161626814.jpg.chip.jpg,Not smiling,0.3172,0.008984341576110222,297.3046975271669,142.0
42,144,1_0_2_20161219211828974.jpg.chip.jpg,Not smiling,0.436,0.11063574912295715,266.80927526311285,143.0
42,145,1_1_2_20161219211948405.jpg.chip.jpg,Not smiling,0.3067,0.0,300.0,144.0
42,146,1_1_2_20161219195213195.jpg.chip.jpg,Not smiling,0.446,0.11919226490972878,264.24232052708135,145.0
42,147,1_0_2_20161219212516942.jpg.chip.jpg,Not smiling,0.4344,0.10926670659707366,267.2199880208779,146.0
42,148,1_0_2_20161219203112116.jpg.chip.jpg,Not smiling,0.4483,0.12116026354068621,263.65192093779416,147.0
42,149,1_0_2_20161219205717701.jpg.chip.jpg,Not smiling,0.4683,0.13827329511422948,258.51801146573115,148.0
42,150,1_1_2_20161219211944925.jpg.chip.jpg,Not smiling,0.3964,0.07675194660734147,276.9744160177976,149.0
42,151,1_0_2_20161219222602319.jpg.chip.jpg,Not smiling,0.6372,0.28279284675280225,215.16214597415933,150.0
42,152,1_0_2_20161219155850477.jpg.chip.jpg,Not smiling,0.6097,0.25926242833918034,222.2212714982459,151.0
42,153,1_1_2_20161219205522365.jpg.chip.jpg,Not smiling,0.5284,0.18969795499272696,243.09061350218192,152.0
42,154,1_0_2_20161219211231133.jpg.chip.jpg,Not smiling,0.505,0.16967570805168136,249.0972875844956,153.0
42,155,1_0_2_20161219162118102.jpg.chip.jpg,Smiling,0.4175,0.09480619491742964,-271.5581415247711,154.0
42,156,1_1_2_20161219222144951.jpg.chip.jpg,Not smiling,0.6262,0.27338067938735344,217.98579618379398,155.0
42,157,1_0_2_20161219201523620.jpg.chip.jpg,Smiling,0.6519,0.2953709249593566,-211.38872251219303,156.0
42,158,1_0_2_20161219155349310.jpg.chip.jpg,Smiling,0.4213,0.09805767091640288,-270.5826987250791,157.0
42,159,1_1_2_20161219141502337.jpg.chip.jpg,Smiling,0.6615,0.3035851801146573,-208.9244459656028,158.0
42,160,1_0_2_20161219222043223.jpg.chip.jpg,Not smiling,0.597,0.24839565328998026,225.4813040130059,159.0
42,161,1_0_2_20161219204848341.jpg.chip.jpg,Smiling,0.5274,0.18884230341404978,-243.34730897578504,160.0
42,162,1_1_2_20161219221154447.jpg.chip.jpg,Smiling,0.6338,0.2798836313852999,-216.03491058441003,161.0
42,163,1_0_2_20161219194716652.jpg.chip.jpg,Not smiling,0.5141,0.17746213741764355,246.76135877470696,162.0
42,164,1_0_2_20161219162212662.jpg.chip.jpg,Not smiling,0.4839,0.15162145974159325,254.51356207752204,163.0
42,165,1_1_2_20161219162021366.jpg.chip.jpg,Smiling,0.6316,0.27800119791221023,-216.59964062633694,164.0
42,166,1_0_2_20170117195243732.jpg.chip.jpg,Not smiling,0.4949,0.161033627107042,251.6899118678874,165.0
42,167,1_1_2_20161219203303165.jpg.chip.jpg,Not smiling,0.5552,0.21262941730127494,236.21117480961752,166.0
42,168,1_0_2_20161219201319628.jpg.chip.jpg,Not smiling,0.5689,0.22435184392915203,232.6944468212544,167.0
42,169,1_1_2_20161219190719971.jpg.chip.jpg,Not smiling,0.6159,0.26456746812697873,220.62975956190638,168.0
42,170,1_1_2_20161219204430596.jpg.chip.jpg,Not smiling,0.4236,0.10002566954736031,269.99229913579194,169.0
42,171,1_1_2_20161219195252187.jpg.chip.jpg,Not smiling,0.4199,0.0968597587062548,270.94207238812356,170.0
42,172,1_1_2_20161219220519457.jpg.chip.jpg,Not smiling,0.4865,0.15384615384615385,253.84615384615384,171.0
42,173,1_1_2_20161219221237927.jpg.chip.jpg,Not smiling,0.4461,0.11927783006759646,264.21665097972107,172.0
42,174,1_0_2_20161219222527222.jpg.chip.jpg,Not smiling,0.5227,0.1848207409942672,244.5537777017198,173.0
42,175,1_0_2_20161219155854085.jpg.chip.jpg,Not smiling,0.4561,0.1278343458543681,261.64969624368956,174.0
42,176,1_0_2_20161219162649582.jpg.chip.jpg,Smiling,0.4721,0.14152477111320272,-257.5425686660392,175.0
42,177,1_0_2_20161219141817185.jpg.chip.jpg,Smiling,0.515,0.178232223838453,-246.53033284846407,176.0
42,178,1_0_2_20161219142135209.jpg.chip.jpg,Not smiling,0.5984,0.24959356550012834,225.1219303499615,177.0
42,180,1_0_2_20161219155859061.jpg.chip.jpg,Smiling,0.6756,0.31564986737400524,-205.30503978779842,178.0
42,181,1_0_2_20161219212510086.jpg.chip.jpg,Smiling,0.4425,0.11619748438435867,-265.14075468469235,179.0
42,182,1_0_2_20161219155542229.jpg.chip.jpg,Not smiling,0.5822,0.23573200992555837,229.28039702233247,180.0
42,183,1_1_2_20161219204636789.jpg.chip.jpg,Not smiling,0.5207,0.18310943783691286,245.06716864892613,181.0
42,184,1_1_2_20161219222758263.jpg.chip.jpg,Not smiling,0.8131,0.43330195944211514,170.00941216736547,182.0
42,185,1_0_2_20161219195737467.jpg.chip.jpg,Not smiling,0.5426,0.20184820740994264,239.44553777701722,183.0
42,186,1_1_2_20161219194854052.jpg.chip.jpg,Smiling,0.5145,0.17780439804911435,-246.65868058526567,184.0
42,187,1_0_2_20161219222014119.jpg.chip.jpg,Not smiling,0.4415,0.11534183280568155,265.39745015829556,185.0
42,188,1_1_2_20161219151131108.jpg.chip.jpg,Not smiling,0.4265,0.1025070591255241,269.2478822623427,186.0
42,189,1_0_2_20161219204515493.jpg.chip.jpg,Smiling,0.4925,0.15898006331821685,-252.30598100453497,187.0
42,190,1_0_2_20161219222035808.jpg.chip.jpg,Smiling,0.5879,0.24060922392401807,-227.81723282279458,188.0
42,191,1_0_2_20161219203016316.jpg.chip.jpg,Smiling,0.4914,0.15803884658167194,-252.5883460254984,189.0
42,192,1_0_2_20161219200048084.jpg.chip.jpg,Not smiling,0.4874,0.1546162402669633,253.615127919911,190.0
42,193,1_1_2_20161219155705613.jpg.chip.jpg,Not smiling,0.5675,0.223153931719004,233.0538204842988,191.0
42,194,1_0_2_20161219222749039.jpg.chip.jpg,Not smiling,0.7691,0.39565328998032,181.30401300590398,192.0
42,195,1_1_2_20161219200100707.jpg.chip.jpg,Not smiling,0.507,0.1713870112090357,248.5838966372893,193.0
42,196,1_1_2_20161219162635831.jpg.chip.jpg,Smiling,0.5856,0.23864122529306064,-228.4076324120818,194.0
42,197,1_1_2_20161219212313989.jpg.chip.jpg,Not smiling,0.4986,0.1641995379481475,250.74013861555574,195.0
42,198,1_1_2_20161219162113982.jpg.chip.jpg,Not smiling,0.4498,0.12244374090870197,263.2668777273894,196.0
42,199,1_1_2_20161219162843079.jpg.chip.jpg,Smiling,0.4833,0.15110806879438693,-254.66757936168395,197.0
42,200,1_0_2_20170110213415212.jpg.chip.jpg,Smiling,0.4487,0.12150252417215707,-263.5492427483529,198.0
42,201,1_0_2_20161219161855278.jpg.chip.jpg,Not smiling,0.4417,0.11551296312141696,265.34611106357494,199.0
42,202,1_1_2_20161219161741126.jpg.chip.jpg,Smiling,0.4322,0.10738427312398391,-267.7847180628048,200.0
42,203,1_0_2_20161219220503943.jpg.chip.jpg,Not smiling,0.5776,0.23179601266364336,230.46119620090698,201.0
42,204,1_0_2_20161219222549447.jpg.chip.jpg,Smiling,0.5891,0.2416360058184307,-227.5091982544708,202.0
42,205,1_0_2_20161219161431358.jpg.chip.jpg,Smiling,0.537,0.19705655856935061,-240.8830324291948,203.0
42,206,1_0_2_20161219222832191.jpg.chip.jpg,Not smiling,0.4973,0.1630871908958672,251.07384273123984,204.0
42,207,1_1_2_20161219162024742.jpg.chip.jpg,Smiling,0.5044,0.16916231710447505,-249.25130486865748,205.0
42,208,1_1_2_20161219204304845.jpg.chip.jpg,Not smiling,0.5392,0.1989389920424403,240.31830238726792,206.0
42,209,1_1_2_20161219205734821.jpg.chip.jpg,Smiling,0.5295,0.1906391717292718,-242.80824848121847,207.0
42,210,1_1_2_20161219212416550.jpg.chip.jpg,Smiling,0.6626,0.3045263968512022,-208.64208094463933,208.0
42,211,1_1_2_20161219205821918.jpg.chip.jpg,Smiling,0.634,0.2800547617010354,-215.98357148968938,209.0
42,212,1_0_2_20161219211244365.jpg.chip.jpg,Not smiling,0.9924,0.5867202874989303,123.9839137503209,210.0
42,213,1_0_2_20161219195130076.jpg.chip.jpg,Not smiling,0.665,0.30657996064002735,208.0260118079918,211.0
42,214,1_0_2_20161219142409225.jpg.chip.jpg,Smiling,0.74,0.37075382904081455,-188.77385128775563,212.0
42,215,1_1_2_20161219162243182.jpg.chip.jpg,Smiling,0.5205,0.18293830752117735,-245.1185077436468,213.0
42,216,1_0_2_20161219200532811.jpg.chip.jpg,Smiling,0.4832,0.15102250363651926,-254.69324890904423,214.0
42,217,1_1_2_20161219195732971.jpg.chip.jpg,Smiling,0.8845,0.49439548215966456,-151.68135535210064,215.0
42,218,1_1_2_20161219154533821.jpg.chip.jpg,Not smiling,0.9072,0.5138187729956362,145.85436810130915,216.0
42,219,1_0_2_20161219221908887.jpg.chip.jpg,Not smiling,0.7646,0.39180285787627267,182.4591426371182,217.0
42,220,1_0_2_20161219195200555.jpg.chip.jpg,Not smiling,0.7306,0.3627107042012493,191.1867887396252,218.0
42,221,1_0_2_20161219200015132.jpg.chip.jpg,Not smiling,0.529,0.19021134593993327,242.93659621802001,219.0
42,222,1_0_2_20161219140540938.jpg.chip.jpg,Smiling,0.574,0.22871566698040552,-231.38529990587833,220.0
42,223,1_1_2_20161219205649948.jpg.chip.jpg,Smiling,0.4982,0.16385727731667665,-250.842816804997,221.0
42,224,1_1_2_20161219162523262.jpg.chip.jpg,Smiling,0.5857,0.23872679045092837,-228.3819628647215,222.0
42,225,1_0_2_20161219203954396.jpg.chip.jpg,Not smiling,0.6288,0.27560537349191405,217.31838795242578,223.0
42,226,1_0_2_20161219201312292.jpg.chip.jpg,Smiling,0.5123,0.1759219645760246,-247.2234106271926,224.0
42,227,1_0_2_20161219221751759.jpg.chip.jpg,Not smiling,0.7496,0.3789680841961154,186.3095747411654,225.0
42,228,1_1_2_20161219222154119.jpg.chip.jpg,Smiling,0.5985,0.24967913065799607,-225.09626080260117,226.0
42,229,1_0_2_20161219201331164.jpg.chip.jpg,Not smiling,0.7273,0.3598870539916146,192.03388380251562,227.0
42,230,1_0_2_20161219195258747.jpg.chip.jpg,Smiling,0.6854,0.32403525284504153,-202.78942414648753,228.0
42,231,1_0_2_20161219194820459.jpg.chip.jpg,Not smiling,0.8852,0.49499443826473855,151.50166852057845,229.0
42,232,1_0_2_20161219162518471.jpg.chip.jpg,Smiling,0.505,0.16967570805168136,-249.0972875844956,230.0
42,233,1_1_2_20161219155356357.jpg.chip.jpg,Smiling,0.6874,0.32574655600239577,-202.27603319928127,231.0
42,234,1_0_2_20161219155748349.jpg.chip.jpg,Not smiling,0.5933,0.24522974244887485,226.43107726533754,232.0
42,235,1_1_2_20161219195107011.jpg.chip.jpg,Not smiling,0.722,0.35535210062462563,193.3943698126123,233.0
42,236,1_1_2_20161219212514021.jpg.chip.jpg,Smiling,1.0205,0.6107640968597586,-116.77077094207242,234.0
42,237,1_1_2_20161219212221341.jpg.chip.jpg,Not smiling,0.6577,0.30033370411568405,209.89988876529478,235.0
42,238,1_0_2_20161219194800523.jpg.chip.jpg,Not smiling,0.6752,0.31530760674253444,205.40771797723966,236.0
42,239,1_0_2_20161219204736996.jpg.chip.jpg,Not smiling,0.6345,0.2804825874903739,215.85522375288784,237.0
42,240,1_0_2_20161219204858548.jpg.chip.jpg,Not smiling,0.5639,0.2200735860357662,233.97792418927014,238.0
42,241,1_0_2_20161219204418485.jpg.chip.jpg,Not smiling,0.7147,0.34910584410028234,195.2682467699153,239.0
42,242,1_0_2_20161219160955846.jpg.chip.jpg,Not smiling,0.602,0.25267391118336613,224.19782664499016,240.0
42,243,1_1_2_20161219210955701.jpg.chip.jpg,Not smiling,0.7772,0.402584067767605,179.2247796697185,241.0
42,244,1_1_2_20161219211002173.jpg.chip.jpg,Not smiling,0.5187,0.1813981346795585,245.58055959613242,242.0
42,245,1_0_2_20161219194859803.jpg.chip.jpg,Not smiling,0.4138,0.09164028407632413,272.50791477710277,243.0
42,246,1_0_2_20170110213523297.jpg.chip.jpg,Not smiling,0.459,0.1303157354325319,260.9052793702404,244.0
42,247,1_0_2_20161219205313061.jpg.chip.jpg,Not smiling,0.5712,0.22631984256010956,232.10404723196712,245.0
42,248,1_1_2_20161219221253335.jpg.chip.jpg,Smiling,0.6072,0.25712329939248735,-222.8630101822538,246.0
42,249,1_0_2_20161219193903835.jpg.chip.jpg,Not smiling,0.6641,0.3058098742192179,208.25703773423464,247.0
42,250,1_0_2_20161219153658004.jpg.chip.jpg,Not smiling,0.5189,0.18156926499529397,245.5292205014118,248.0
42,251,1_0_2_20161219222119639.jpg.chip.jpg,Not smiling,0.5486,0.20698211688200563,237.90536493539832,249.0
42,252,1_1_2_20161219162730478.jpg.chip.jpg,Smiling,0.706,0.34166167536579095,-197.50149739026273,250.0
42,253,1_1_2_20161219202741628.jpg.chip.jpg,Not smiling,0.5293,0.1904680414135364,242.85958757593906,251.0
42,254,1_1_2_20161219202514684.jpg.chip.jpg,Not smiling,0.6658,0.30726448190296907,207.82065542910928,252.0
42,255,1_0_2_20161219205548949.jpg.chip.jpg,Smiling,0.6582,0.3007615299050227,-209.7715410284932,253.0
42,256,1_0_2_20161219195703108.jpg.chip.jpg,Smiling,0.5531,0.21083254898605291,-236.75023530418412,254.0
42,257,1_0_2_20161219142032650.jpg.chip.jpg,Smiling,0.5033,0.16822110036793014,-249.53366988962097,255.0
42,258,1_1_2_20161219211512447.jpg.chip.jpg,Not smiling,0.6414,0.2863865833832463,214.0840249850261,256.0
42,259,1_0_2_20161219204655933.jpg.chip.jpg,Smiling,0.6242,0.2716693762299991,-218.49918713100027,257.0
42,260,1_0_2_20170110212743721.jpg.chip.jpg,Not smiling,0.7803,0.40523658766150417,178.42902370154874,258.0
42,261,1_1_2_20161219205644669.jpg.chip.jpg,Not smiling,0.6388,0.2841618892786857,214.7514332163943,259.0
42,262,1_1_2_20161219155353413.jpg.chip.jpg,Smiling,0.5554,0.21280054761701034,-236.15983571489693,260.0
42,263,1_0_2_20161219200052700.jpg.chip.jpg,Smiling,0.8101,0.4307350047060837,-170.77949858817487,261.0
42,264,1_1_2_20161219212611880.jpg.chip.jpg,Not smiling,0.4892,0.1561564131085822,253.15307606742533,262.0
42,265,1_1_2_20161219194839971.jpg.chip.jpg,Smiling,0.6354,0.28125267391118336,-215.624197826645,263.0
42,266,1_0_2_20161219204845029.jpg.chip.jpg,Not smiling,0.473,0.1422948575340121,257.3115427397963,264.0
42,267,1_0_2_20161219162626830.jpg.chip.jpg,Not smiling,0.8584,0.4720629759561906,158.38110721314283,265.0
42,268,1_0_2_20161219204951309.jpg.chip.jpg,Not smiling,0.8035,0.4250877042868144,172.47368871395568,266.0
42,269,1_1_2_20161219154712061.jpg.chip.jpg,Not smiling,0.4774,0.14605972448019167,256.1820826559425,267.0
42,270,1_1_2_20161219142150994.jpg.chip.jpg,Not smiling,0.4952,0.16129032258064513,251.61290322580646,268.0
42,271,1_1_2_20161219155909061.jpg.chip.jpg,Not smiling,0.6268,0.2738940703345598,217.83177889963207,269.0
42,272,1_1_2_20161219151127243.jpg.chip.jpg,Not smiling,0.605,0.25524086591939765,223.4277402241807,270.0
42,273,1_0_2_20161219203122004.jpg.chip.jpg,Not smiling,0.5371,0.1971421237272183,240.85736288183452,271.0
42,274,1_0_2_20161219212700566.jpg.chip.jpg,Not smiling,0.4648,0.13527851458885942,259.41644562334216,272.0
42,275,1_0_2_20161219161822166.jpg.chip.jpg,Smiling,0.4922,0.15872336784461372,-252.3829896466159,273.0
42,276,1_1_2_20161219211701334.jpg.chip.jpg,Not smiling,0.6381,0.2835629331736117,214.9311200479165,274.0
42,277,1_1_2_20161219200258716.jpg.chip.jpg,Not smiling,0.7015,0.33781124326174383,198.65662702147685,275.0
42,278,1_0_2_20161219162719255.jpg.chip.jpg,Not smiling,0.7134,0.3479934970480021,195.60195088559936,276.0
42,279,1_0_2_20170109193535757.jpg.chip.jpg,Not smiling,0.4365,0.11106357491229574,266.6809275263113,277.0
42,280,1_1_2_20161219200539420.jpg.chip.jpg,Not smiling,0.4476,0.12056130743561222,263.83160776931635,278.0
42,281,1_0_2_20161219204409620.jpg.chip.jpg,Smiling,0.5628,0.2191323692992213,-234.2602892102336,279.0
42,282,1_1_2_20161219203432220.jpg.chip.jpg,Smiling,0.4561,0.1278343458543681,-261.64969624368956,280.0
42,283,1_0_2_20170109191209991.jpg.chip.jpg,Smiling,0.5988,0.24993582613159926,-225.0192521605202,281.0
42,284,1_0_2_20161219162544751.jpg.chip.jpg,Smiling,0.5443,0.20330281509369386,-239.00915547189183,282.0
42,285,1_1_2_20161219200152877.jpg.chip.jpg,Not smiling,0.6003,0.25121930349961485,224.63420895011555,283.0
42,286,1_0_2_20161219210754437.jpg.chip.jpg,Not smiling,0.6027,0.2532728672884401,224.01813981346797,284.0
42,287,1_0_2_20161219160747326.jpg.chip.jpg,Smiling,0.5196,0.1821682211003679,-245.34953366988964,285.0
42,288,1_0_2_20161219140530307.jpg.chip.jpg,Smiling,0.5694,0.22477966971849062,-232.56609908445282,286.0
42,289,1_1_2_20161219200230867.jpg.chip.jpg,Not smiling,0.6353,0.28116710875331563,215.6498673740053,287.0
42,290,1_0_2_20161219211706614.jpg.chip.jpg,Smiling,0.735,0.3664755711474288,-190.05732865577136,288.0
42,291,1_1_2_20161219202106997.jpg.chip.jpg,Not smiling,0.5089,0.17301274920852233,248.0961752374433,289.0
42,292,1_0_2_20161219160951502.jpg.chip.jpg,Smiling,0.4844,0.15204928553093183,-254.38521434072044,290.0
42,293,1_1_2_20161219201453804.jpg.chip.jpg,Smiling,0.4787,0.14717207153247197,-255.84837854025838,291.0
42,294,1_0_2_20161219162433846.jpg.chip.jpg,Smiling,0.5052,0.16984683836741676,-249.04594848977496,292.0
42,295,1_0_2_20161219153457308.jpg.chip.jpg,Not smiling,0.5813,0.23496192350474887,229.51142294857533,293.0
42,296,1_0_2_20161219211505437.jpg.chip.jpg,Smiling,0.6176,0.2660220758107299,-220.19337725678102,294.0
42,297,1_1_2_20161219194531091.jpg.chip.jpg,Not smiling,0.8799,0.4904594848977496,152.86215453067513,295.0
42,298,1_0_2_20161219215433975.jpg.chip.jpg,Smiling,0.4755,0.14443398648070505,-256.66980405578846,296.0
42,299,1_0_2_20161219194811588.jpg.chip.jpg,Smiling,0.5971,0.24848121844784798,-225.4556344656456,297.0
42,300,1_1_2_20161219205233581.jpg.chip.jpg,Not smiling,0.5679,0.22349619235047485,232.95114229485756,298.0
101,1,1_0_2_20170110213415212.jpg.chip.jpg,Smiling,0.7173,0.23398590446358658,-229.80422866092403,198.0
101,2,1_1_2_20161219155353413.jpg.chip.jpg,Smiling,0.6748,0.20070477682067345,-239.78856695379795,260.0
101,3,1_1_2_20161219192240930.jpg.chip.jpg,Smiling,0.5236,0.08230227094753328,-275.30931871574,120.0
101,4,1_1_2_20161219210324181.jpg.chip.jpg,Not smiling,0.6633,0.1916992952231793,242.4902114330462,116.0
101,5,1_0_2_20161219201331164.jpg.chip.jpg,Not smiling,0.4862,0.053014878621769845,284.095536413469,227.0
101,6,1_1_2_20161219220411361.jpg.chip.jpg,Not smiling,0.6617,0.19044635865309312,242.86609240407208,31.0
101,7,1_1_2_20161219155909061.jpg.chip.jpg,Not smiling,0.7462,0.2566170712607674,223.01487862176978,269.0
101,8,1_0_2_20161219210754437.jpg.chip.jpg,Not smiling,0.5619,0.11229444009397022,266.3116679718089,284.0
101,9,1_1_2_20161219202945116.jpg.chip.jpg,Not smiling,0.8535,0.34064212999216914,197.80736100234927,53.0
101,10,1_0_2_20161219140540938.jpg.chip.jpg,Smiling,0.61,0.14996084573218482,-255.01174628034454,220.0
101,11,1_1_2_20161219202522028.jpg.chip.jpg,Not smiling,0.5469,0.10054815974941278,269.83555207517617,94.0
101,12,1_0_2_20161219162544751.jpg.chip.jpg,Not smiling,0.8218,0.31581832419733746,205.25450274079876,282.0
101,13,1_0_2_20161219212929702.jpg.chip.jpg,Smiling,0.5993,0.14158183241973382,-257.52545027407984,47.0
101,14,1_0_2_20161219200052700.jpg.chip.jpg,Not smiling,0.5641,0.11401722787783874,265.7948316366484,261.0
101,15,1_0_2_20161219155659165.jpg.chip.jpg,Smiling,0.775,0.279169929522318,-216.2490211433046,92.0
101,16,1_0_2_20161219194804739.jpg.chip.jpg,Not smiling,0.6403,0.17368833202819112,247.89350039154266,23.0
101,17,1_0_2_20161219162847615.jpg.chip.jpg,Not smiling,0.5741,0.12184808144087711,263.44557556773685,16.0
101,18,1_0_2_20161219221845695.jpg.chip.jpg,Not smiling,0.6534,0.18394675019577134,244.8159749412686,74.0
101,19,1_1_2_20161219212221341.jpg.chip.jpg,Not smiling,0.9603,0.424275646045419,172.7173061863743,235.0
101,20,1_1_2_20161219212416550.jpg.chip.jpg,Smiling,0.5594,0.11033672670321071,-266.89898198903677,208.0
101,21,1_1_2_20161219162243182.jpg.chip.jpg,Smiling,0.6007,0.14267815191855915,-257.19655442443224,213.0
101,22,1_1_2_20161219220519457.jpg.chip.jpg,Not smiling,0.5307,0.08786217697729048,273.6413469068128,171.0
101,23,1_0_2_20161219211244365.jpg.chip.jpg,Smiling,1.1394,0.5645262333594361,-130.64212999216917,210.0
101,24,1_0_2_20161219200503284.jpg.chip.jpg,Smiling,0.5901,0.13437744714173844,-259.68676585747846,39.0
101,25,1_0_2_20161219154715885.jpg.chip.jpg,Smiling,0.5462,0.10000000000000003,-270.0,96.0
101,26,1_0_2_20161219222749039.jpg.chip.jpg,Not smiling,0.7726,0.27729052466718873,216.81284259984338,192.0
101,27,1_0_2_20161219195643627.jpg.chip.jpg,Not smiling,0.9533,0.4187940485512921,174.36178543461236,38.0
101,28,1_0_2_20161219161625326.jpg.chip.jpg,Not smiling,0.741,0.25254502740798745,224.23649177760376,41.0
101,29,1_0_2_20161219211707638.jpg.chip.jpg,Smiling,0.5281,0.08582615505090058,-274.25215348472983,80.0
101,30,1_0_2_20161219161626814.jpg.chip.jpg,Not smiling,0.5543,0.10634299138606113,268.09710258418164,142.0
101,31,1_1_2_20161219194531091.jpg.chip.jpg,Not smiling,0.6165,0.1550509005481598,253.4847298355521,295.0
101,32,1_0_2_20161219211505437.jpg.chip.jpg,Smiling,0.5833,0.12905246671887244,-261.2842599843383,294.0
101,33,1_0_2_20161219194800523.jpg.chip.jpg,Not smiling,0.6263,0.16272513703993735,251.18245888801877,236.0
101,34,1_1_2_20161219195928428.jpg.chip.jpg,Not smiling,0.5565,0.10806577916992954,267.5802662490211,7.0
101,35,1_0_2_20161219162719255.jpg.chip.jpg,Not smiling,0.6745,0.20046985121378236,239.8590446358653,276.0
101,36,1_0_2_20161219203954396.jpg.chip.jpg,Not smiling,0.7148,0.2320281910728269,230.39154267815192,223.0
101,37,1_1_2_20161219154533821.jpg.chip.jpg,Not smiling,0.5731,0.12106499608457327,263.680501174628,216.0
101,38,1_1_2_20161219212514021.jpg.chip.jpg,Smiling,0.8336,0.3250587314017228,-202.48238057948316,234.0
101,39,1_1_2_20161219220611473.jpg.chip.jpg,Smiling,0.7327,0.24604541895066567,-226.1863743148003,12.0
101,40,1_0_2_20161219155701277.jpg.chip.jpg,Not smiling,0.9748,0.4356303837118246,169.3108848864526,119.0
101,41,1_0_2_20161219162846063.jpg.chip.jpg,Not smiling,0.86,0.34573218480814405,196.2803445575568,63.0
101,42,1_0_2_20161219203743797.jpg.chip.jpg,Smiling,0.5979,0.14048551292090838,-257.8543461237275,129.0
101,43,1_1_2_20161219162843079.jpg.chip.jpg,Smiling,0.6224,0.15967110415035235,-252.0986687548943,197.0
101,44,1_0_2_20161219161826830.jpg.chip.jpg,Not smiling,1.6955,1.0,0.0,82.0
101,45,1_0_2_20170109193535757.jpg.chip.jpg,Not smiling,0.9355,0.40485512920908373,178.54346123727487,277.0
101,46,1_0_2_20161219162118102.jpg.chip.jpg,Smiling,0.5962,0.13915426781519186,-258.25371965544247,154.0
101,47,1_0_2_20161219141817185.jpg.chip.jpg,Smiling,0.5737,0.12153484729835551,-263.53954581049334,176.0
101,48,1_1_2_20161219200309555.jpg.chip.jpg,Smiling,0.9045,0.38057948316366486,-185.82615505090055,122.0
101,49,1_0_2_20161219162852759.jpg.chip.jpg,Smiling,0.8131,0.3090054815974942,-207.29835552075176,106.0
101,50,1_0_2_20161219153658004.jpg.chip.jpg,Not smiling,0.5998,0.1419733750978857,257.4079874706343,248.0
101,51,1_0_2_20170110212743721.jpg.chip.jpg,Smiling,0.6079,0.14831636648394675,-255.50509005481598,258.0
101,52,1_1_2_20161219195630371.jpg.chip.jpg,Not smiling,0.9868,0.44502740798747065,166.4917776037588,62.0
101,53,1_0_2_20161219155744942.jpg.chip.jpg,Not smiling,0.7492,0.25896632732967895,222.31010180109632,136.0
101,54,1_0_2_20161219142409225.jpg.chip.jpg,Not smiling,0.8099,0.3064996084573218,208.05011746280346,212.0
101,55,1_0_2_20161219205836181.jpg.chip.jpg,Not smiling,0.7809,0.2837901331245106,214.8629600626468,40.0
101,56,1_0_2_20161219204858548.jpg.chip.jpg,Not smiling,0.7262,0.24095536413469065,227.7133907595928,238.0
101,57,1_1_2_20161219155811293.jpg.chip.jpg,Smiling,0.6401,0.17353171495693032,-247.9404855129209,25.0
101,58,1_0_2_20161219200004228.jpg.chip.jpg,Smiling,0.7141,0.23148003132341421,-230.55599060297573,105.0
101,59,1_1_2_20161219221229279.jpg.chip.jpg,Not smiling,0.8046,0.3023492560689115,209.29522317932654,89.0
101,60,1_0_2_20161219195200555.jpg.chip.jpg,Not smiling,0.7682,0.2738449490994518,217.84651527016447,218.0
101,61,1_0_2_20161219222459119.jpg.chip.jpg,Not smiling,0.7193,0.23555207517619425,229.33437744714172,15.0
101,62,1_0_2_20170110213009014.jpg.chip.jpg,Not smiling,0.6446,0.17705559906029755,246.88332028191073,81.0
101,63,1_0_2_20161219162626830.jpg.chip.jpg,Not smiling,0.8008,0.29937353171495684,210.18794048551294,265.0
101,64,1_0_2_20170110213523297.jpg.chip.jpg,Not smiling,0.5938,0.13727486296006264,258.8175411119812,244.0
101,65,1_0_2_20161219200048084.jpg.chip.jpg,Not smiling,0.5519,0.10446358653093185,268.6609240407205,190.0
101,66,1_0_2_20161219154354285.jpg.chip.jpg,Smiling,0.7499,0.25951448707909164,-222.14565387627252,58.0
101,67,1_1_2_20161219201159932.jpg.chip.jpg,Not smiling,0.6185,0.15661707126076746,253.01487862176975,133.0
101,68,1_0_2_20161219204736996.jpg.chip.jpg,Not smiling,0.5343,0.09068128425998434,272.7956147220047,237.0
101,69,1_0_2_20161219205313061.jpg.chip.jpg,Not smiling,0.4365,0.014095536413469112,295.77133907595925,245.0
101,70,1_0_2_20161219203112116.jpg.chip.jpg,Not smiling,0.4185,0.0,300.0,147.0
101,71,1_0_2_20161219212700566.jpg.chip.jpg,Smiling,0.6065,0.14722004698512142,-255.83398590446356,272.0
101,72,1_1_2_20161219205821918.jpg.chip.jpg,Not smiling,0.6021,0.14377447141738448,256.8676585747846,209.0
101,73,1_1_2_20161219212720270.jpg.chip.jpg,Not smiling,0.5403,0.09537979639780741,271.3860610806578,110.0
101,74,1_1_2_20161219200539420.jpg.chip.jpg,Not smiling,0.5587,0.10978856695379796,267.0634299138606,278.0
101,75,1_1_2_20161219221241583.jpg.chip.jpg,Not smiling,0.4582,0.03108848864526237,290.6734534064213,9.0
101,76,1_0_2_20161219222043223.jpg.chip.jpg,Not smiling,0.7022,0.2221613155833987,233.3516053249804,159.0
101,77,1_1_2_20161219161757030.jpg.chip.jpg,Not smiling,0.6215,0.15896632732967897,252.31010180109632,0.0
101,78,1_0_2_20161219212502046.jpg.chip.jpg,Not smiling,0.5453,0.0992952231793266,270.21143304620205,13.0
101,79,1_0_2_20161219161855278.jpg.chip.jpg,Not smiling,0.5374,0.09310884886452625,272.06734534064213,199.0
101,80,1_0_2_20161219155413397.jpg.chip.jpg,Smiling,0.6278,0.16389976507439313,-250.83007047768206,91.0
101,81,1_0_2_20161219215433975.jpg.chip.jpg,Smiling,0.8525,0.33985904463586536,-198.0422866092404,296.0
101,82,1_1_2_20161219205522365.jpg.chip.jpg,Not smiling,0.945,0.4122944400939702,176.31166797180893,152.0
101,83,1_0_2_20161219203310132.jpg.chip.jpg,Not smiling,0.6169,0.15536413469068133,253.3907595927956,79.0
101,84,1_0_2_20161219200015132.jpg.chip.jpg,Not smiling,0.5917,0.13563038371182462,259.3108848864526,219.0
101,85,1_0_2_20161219222602319.jpg.chip.jpg,Smiling,0.6611,0.18997650743931094,-243.00704776820672,150.0
101,86,1_1_2_20161219205644669.jpg.chip.jpg,Not smiling,0.584,0.12960062646828502,261.1198120595145,259.0
101,87,1_0_2_20161219142002631.jpg.chip.jpg,Not smiling,0.5887,0.1332811276429131,260.01566170712607,19.0
101,88,1_1_2_20161219195252187.jpg.chip.jpg,Not smiling,0.7453,0.255912294440094,223.2263116679718,170.0
101,89,1_1_2_20161219203303165.jpg.chip.jpg,Not smiling,0.5581,0.10931871574001573,267.2043852779953,166.0
101,90,1_1_2_20161219151127243.jpg.chip.jpg,Not smiling,0.6057,0.14659357870007833,256.0219263899765,270.0
101,91,1_0_2_20161219222752047.jpg.chip.jpg,Not smiling,0.5361,0.09209083790133127,272.37274862960066,55.0
101,92,1_1_2_20161219222758263.jpg.chip.jpg,Not smiling,0.615,0.153876272513704,253.8371182458888,182.0
101,93,1_0_2_20161219194721851.jpg.chip.jpg,Not smiling,0.5208,0.08010963194988258,275.9671104150352,46.0
101,94,1_1_2_20161219210327381.jpg.chip.jpg,Not smiling,0.5336,0.09013312451057165,272.96006264682853,93.0
101,95,1_1_2_20161219222154119.jpg.chip.jpg,Not smiling,0.5214,0.08057948316366487,275.8261550509006,226.0
101,96,1_1_2_20161219202741628.jpg.chip.jpg,Not smiling,0.5012,0.06476115896632734,280.5716523101018,251.0
101,97,1_1_2_20161219220631367.jpg.chip.jpg,Not smiling,0.4518,0.026076742364917804,292.1769772905247,137.0
101,98,1_1_2_20161219200456451.jpg.chip.jpg,Not smiling,0.5177,0.07768206734534072,276.6953797963978,4.0
101,99,1_0_2_20161219203016316.jpg.chip.jpg,Not smiling,0.7877,0.2891151135473766,213.265465935787,189.0
101,100,1_0_2_20161219160955846.jpg.chip.jpg,Not smiling,0.537,0.09279561472200476,272.16131558339856,240.0
101,101,1_0_2_20161219204012884.jpg.chip.jpg,Smiling,0.7049,0.22427564604541894,-232.71730618637432,24.0
101,102,1_0_2_20161219153457308.jpg.chip.jpg,Smiling,0.8254,0.3186374314800313,-204.4087705559906,293.0
101,103,1_0_2_20161219205827749.jpg.chip.jpg,Smiling,0.7236,0.2389193422083007,-228.3241973375098,68.0
101,104,1_0_2_20161219205225773.jpg.chip.jpg,Not smiling,0.6018,0.14353954581049339,256.938136256852,131.0
101,105,1_0_2_20161219160747326.jpg.chip.jpg,Not smiling,0.6881,0.21111981205951458,236.66405638214562,285.0
101,106,1_0_2_20161219212557190.jpg.chip.jpg,Not smiling,0.8276,0.3203602192638998,203.89193422083005,18.0
101,107,1_1_2_20161219222144951.jpg.chip.jpg,Not smiling,0.5195,0.07909162098668754,276.27251370399375,155.0
101,108,1_0_2_20161219205758717.jpg.chip.jpg,Smiling,0.8522,0.33962411902897416,-198.11276429130774,130.0
101,109,1_0_2_20161219205016902.jpg.chip.jpg,Smiling,0.8181,0.3129209083790133,-206.123727486296,36.0
101,110,1_1_2_20161219195107011.jpg.chip.jpg,Not smiling,0.7187,0.23508222396241196,229.47533281127642,233.0
101,111,1_1_2_20161219155927997.jpg.chip.jpg,Not smiling,1.0693,0.5096319498825371,147.11041503523887,34.0
101,112,1_0_2_20161219201319628.jpg.chip.jpg,Not smiling,0.7396,0.2514487079091622,224.56538762725134,167.0
101,113,1_1_2_20161219222801647.jpg.chip.jpg,Not smiling,0.5861,0.1312451057165231,260.6264682850431,26.0
101,114,1_1_2_20161219151131108.jpg.chip.jpg,Not smiling,0.5213,0.08050117462803447,275.84964761158966,186.0
101,115,1_0_2_20161219201523620.jpg.chip.jpg,Not smiling,0.689,0.21182458888018796,236.4526233359436,156.0
101,116,1_0_2_20161219204418485.jpg.chip.jpg,Not smiling,0.5124,0.07353171495693028,277.9404855129209,239.0
101,117,1_0_2_20161219205702141.jpg.chip.jpg,Not smiling,0.7458,0.2563038371182459,223.10884886452624,2.0
101,118,1_1_2_20161219210955701.jpg.chip.jpg,Not smiling,0.5084,0.07039937353171494,278.8801879404855,241.0
101,119,1_0_2_20161219204848341.jpg.chip.jpg,Smiling,0.9251,0.3967110415035239,-180.98668754894283,160.0
101,120,1_1_2_20161219195213195.jpg.chip.jpg,Not smiling,0.5454,0.09937353171495694,270.1879404855129,145.0
101,121,1_0_2_20161219160450054.jpg.chip.jpg,Not smiling,0.6121,0.1516053249804229,254.51840250587313,21.0
101,122,1_1_2_20161219204304845.jpg.chip.jpg,Smiling,0.6847,0.2084573218480814,-237.4628034455756,206.0
101,123,1_0_2_20170109192222822.jpg.chip.jpg,Not smiling,0.7326,0.24596711041503527,226.2098668754894,37.0
101,124,1_0_2_20161219203105373.jpg.chip.jpg,Not smiling,0.5918,0.13570869224745497,259.2873923257635,100.0
101,125,1_0_2_20161219194859803.jpg.chip.jpg,Not smiling,0.5515,0.10415035238841036,268.75489428347686,243.0
101,126,1_1_2_20161219161741126.jpg.chip.jpg,Smiling,0.5519,0.10446358653093185,-268.6609240407205,200.0
101,127,1_0_2_20161219205111061.jpg.chip.jpg,Not smiling,1.0424,0.488566953797964,153.4299138606108,71.0
101,128,1_1_2_20161219194839971.jpg.chip.jpg,Smiling,0.7518,0.2610023492560689,-221.69929522317932,263.0
101,129,1_0_2_20161219190025955.jpg.chip.jpg,Smiling,0.8241,0.31761942051683634,-204.7141738449491,127.0
101,130,1_1_2_20161219161814470.jpg.chip.jpg,Not smiling,0.555,0.10689115113547382,267.93265465935787,50.0
101,131,1_1_2_20161219194655428.jpg.chip.jpg,Not smiling,0.6409,0.1741581832419734,247.752545027408,128.0
101,132,1_1_2_20161219162523262.jpg.chip.jpg,Smiling,0.7799,0.28300704776820673,-215.097885669538,222.0
101,133,1_1_2_20161219155705613.jpg.chip.jpg,Not smiling,0.632,0.16718872357086922,249.84338292873923,191.0
101,134,1_1_2_20161219142150994.jpg.chip.jpg,Not smiling,0.5475,0.10101801096319502,269.69459671104147,268.0
101,135,1_0_2_20161219194543059.jpg.chip.jpg,Not smiling,0.5332,0.08981989036805016,273.05403288958496,87.0
101,136,1_1_2_20161219162225422.jpg.chip.jpg,Smiling,0.8739,0.35661707126076747,-193.01487862176975,69.0
101,137,1_0_2_20161219222119639.jpg.chip.jpg,Not smiling,0.5566,0.10814408770555994,267.55677368833204,249.0
101,138,1_1_2_20161219202514684.jpg.chip.jpg,Not smiling,0.7258,0.24064212999216916,227.80736100234924,252.0
101,139,1_0_2_20161219193938507.jpg.chip.jpg,Smiling,0.6988,0.21949882537196552,-234.15035238841034,114.0
101,140,1_0_2_20161219162431598.jpg.chip.jpg,Smiling,0.7983,0.2974158183241974,-210.77525450274078,59.0
101,141,1_1_2_20161219200230867.jpg.chip.jpg,Not smiling,0.846,0.33476898981989034,199.5693030540329,287.0
101,142,1_0_2_20161219195848259.jpg.chip.jpg,Not smiling,0.8023,0.30054815974941274,209.83555207517617,20.0
101,143,1_0_2_20161219162817126.jpg.chip.jpg,Not smiling,0.9192,0.39209083790133126,182.37274862960064,27.0
101,144,1_1_2_20161219202852780.jpg.chip.jpg,Not smiling,1.0264,0.4760375880971025,157.18872357086926,101.0
101,145,1_0_2_20161219222456375.jpg.chip.jpg,Smiling,1.2371,0.6410336726703211,-107.68989819890368,60.0
101,146,1_0_2_20161219140525218.jpg.chip.jpg,Not smiling,0.7043,0.22380579483163665,232.858261550509,123.0
101,147,1_0_2_20161219221912695.jpg.chip.jpg,Not smiling,0.7316,0.24518402505873138,226.4447924823806,121.0
101,148,1_0_2_20161219155655085.jpg.chip.jpg,Not smiling,0.5324,0.08919342208300707,273.24197337509787,44.0
101,149,1_0_2_20161219155802845.jpg.chip.jpg,Smiling,0.8012,0.29968676585747844,-210.09397024275646,65.0
101,150,1_1_2_20161219162113982.jpg.chip.jpg,Not smiling,0.5745,0.1221613155833986,263.3516053249804,196.0
101,151,1_0_2_20161219162518471.jpg.chip.jpg,Smiling,0.5712,0.119577133907596,-264.1268598277212,230.0
101,152,1_1_2_20161219155926197.jpg.chip.jpg,Not smiling,0.7991,0.2980422866092405,210.58731401722787,3.0
101,153,1_0_2_20161219195334724.jpg.chip.jpg,Not smiling,0.5744,0.12208300704776825,263.3750978856695,22.0
101,154,1_0_2_20161219161431358.jpg.chip.jpg,Smiling,0.6891,0.21190289741581836,-236.4291307752545,203.0
101,155,1_0_2_20161219155857576.jpg.chip.jpg,Smiling,0.6318,0.16703210649960848,-249.89036805011744,17.0
101,156,1_0_2_20161219222035808.jpg.chip.jpg,Smiling,0.5282,0.08590446358653098,-274.2286609240407,188.0
101,157,1_1_2_20161219220348151.jpg.chip.jpg,Not smiling,0.6048,0.1458888018794049,256.23335943617855,124.0
101,158,1_0_2_20161219211107805.jpg.chip.jpg,Smiling,0.7068,0.22576350822239621,-232.27094753328115,104.0
101,159,1_0_2_20161219202542596.jpg.chip.jpg,Not smiling,0.6071,0.14768989819890366,255.6930305403289,132.0
101,160,1_0_2_20161219153055452.jpg.chip.jpg,Not smiling,0.8352,0.326311667971809,202.1064996084573,6.0
101,161,1_0_2_20161219211231133.jpg.chip.jpg,Not smiling,0.5791,0.12576350822239624,262.2709475332811,153.0
101,162,1_0_2_20161219140530307.jpg.chip.jpg,Smiling,0.5988,0.14119028974158188,-257.64291307752546,286.0
101,163,1_1_2_20161219205734821.jpg.chip.jpg,Smiling,0.6378,0.1717306186374315,-248.48081440877056,207.0
101,164,1_0_2_20161219162649582.jpg.chip.jpg,Smiling,0.6411,0.1743148003132342,-247.70555990602975,175.0
101,165,1_1_2_20161219204430596.jpg.chip.jpg,Not smiling,0.7077,0.2264682850430697,232.0595144870791,169.0
101,166,1_1_2_20161219221154447.jpg.chip.jpg,Not smiling,0.7199,0.23602192638997654,229.19342208300705,161.0
101,167,1_0_2_20161219155850477.jpg.chip.jpg,Not smiling,0.7765,0.2803445575567737,215.8966327329679,151.0
101,168,1_0_2_20161219212516942.jpg.chip.jpg,Not smiling,0.6561,0.1860610806577917,244.18167580266248,146.0
101,169,1_0_2_20161219220247471.jpg.chip.jpg,Smiling,0.7177,0.23429913860610807,-229.71025841816757,77.0
101,170,1_1_2_20161219195318220.jpg.chip.jpg,Not smiling,0.5475,0.10101801096319502,269.69459671104147,140.0
101,171,1_1_2_20161219202727078.jpg.chip.jpg,Not smiling,0.7035,0.22317932654659356,233.04620203602192,125.0
101,172,1_1_2_20161219142106376.jpg.chip.jpg,Not smiling,0.6025,0.14408770555990608,256.77368833202814,29.0
101,173,1_0_2_20161219155349310.jpg.chip.jpg,Smiling,0.5862,0.13132341425215355,-260.60297572435394,157.0
101,174,1_1_2_20161219200152877.jpg.chip.jpg,Not smiling,0.5882,0.13288958496476116,260.1331245105717,283.0
101,175,1_0_2_20161219200532811.jpg.chip.jpg,Smiling,0.5278,0.08559122944400949,-274.3226311667971,214.0
101,176,1_1_2_20161219190719971.jpg.chip.jpg,Not smiling,0.6091,0.14925606891151133,255.2231793265466,168.0
101,177,1_0_2_20161219222609775.jpg.chip.jpg,Not smiling,0.7867,0.28833202819107284,213.50039154267816,70.0
101,178,1_1_2_20161219194854052.jpg.chip.jpg,Smiling,0.596,0.1389976507439311,-258.3007047768207,184.0
101,179,1_1_2_20161219162415934.jpg.chip.jpg,Not smiling,0.573,0.12098668754894282,263.70399373531717,73.0
101,180,1_0_2_20161219211706614.jpg.chip.jpg,Smiling,0.7753,0.2794048551292091,-216.17854346123727,288.0
101,181,1_0_2_20161219201312292.jpg.chip.jpg,Smiling,0.7798,0.28292873923257644,-215.12137823022707,224.0
101,182,1_0_2_20161219222219286.jpg.chip.jpg,Not smiling,0.5561,0.10775254502740805,267.6742364917776,103.0
101,183,1_1_2_20161219155907501.jpg.chip.jpg,Not smiling,0.6145,0.15348472983555211,253.95458104933434,52.0
101,184,1_0_2_20161219194716652.jpg.chip.jpg,Not smiling,0.6235,0.16053249804228664,251.84025058731402,162.0
101,185,1_0_2_20161219194811588.jpg.chip.jpg,Not smiling,0.4888,0.05505090054815981,283.48472983555206,297.0
101,186,1_1_2_20161219153429836.jpg.chip.jpg,Not smiling,0.7188,0.23516053249804225,229.45184025058734,111.0
101,187,1_0_2_20161219222046607.jpg.chip.jpg,Not smiling,0.559,0.11002349256068916,266.99295223179325,28.0
101,188,1_1_2_20161219155356357.jpg.chip.jpg,Smiling,0.7688,0.2743148003132342,-217.70555990602975,231.0
101,189,1_0_2_20161219194849659.jpg.chip.jpg,Not smiling,0.6174,0.15575567736883317,253.27329678935007,1.0
101,190,1_0_2_20161219205548949.jpg.chip.jpg,Smiling,0.7343,0.24729835552075174,-225.81049334377448,253.0
101,191,1_0_2_20161219195130076.jpg.chip.jpg,Not smiling,0.5545,0.10649960845732187,268.0501174628034,211.0
101,192,1_0_2_20161219205717701.jpg.chip.jpg,Not smiling,0.5317,0.08864526233359438,273.4064212999217,148.0
101,193,1_0_2_20161219195258747.jpg.chip.jpg,Smiling,0.6685,0.19577133907595923,-241.26859827721222,228.0
101,194,1_1_2_20161219211944925.jpg.chip.jpg,Smiling,0.7483,0.25826155050900546,-222.52153484729837,149.0
101,195,1_0_2_20161219194845363.jpg.chip.jpg,Not smiling,0.5341,0.0905246671887236,272.8425998433829,64.0
101,196,1_0_2_20161219161919870.jpg.chip.jpg,Smiling,0.4978,0.06209866875489434,-281.3703993735317,99.0
101,197,1_0_2_20161219202906108.jpg.chip.jpg,Not smiling,0.5468,0.10046985121378227,269.8590446358653,35.0
101,198,1_0_2_20161219162433846.jpg.chip.jpg,Not smiling,0.751,0.2603758809710258,221.88723570869226,292.0
101,199,1_1_2_20161219162635831.jpg.chip.jpg,Smiling,0.5481,0.10148786217697736,-269.5536413469068,194.0
101,200,1_0_2_20161219141912009.jpg.chip.jpg,Smiling,0.5798,0.12631166797180893,-262.10649960845734,49.0
101,201,1_0_2_20161219155542229.jpg.chip.jpg,Not smiling,0.7966,0.2960845732184808,211.17462803445576,180.0
101,202,1_0_2_20161219195737467.jpg.chip.jpg,Not smiling,0.7082,0.2268598277212217,231.94205168363348,183.0
101,203,1_0_2_20170109191453449.jpg.chip.jpg,Not smiling,1.1799,0.5962411902897415,121.12764291307754,43.0
101,204,1_1_2_20161219200100707.jpg.chip.jpg,Not smiling,0.7607,0.2679718089271731,219.60845732184808,193.0
101,205,1_1_2_20161219204542005.jpg.chip.jpg,Not smiling,0.666,0.19381362568519978,241.85591229444006,32.0
101,206,1_1_2_20161219221243095.jpg.chip.jpg,Smiling,0.623,0.1601409553641347,-251.9577133907596,14.0
101,207,1_0_2_20161219202914180.jpg.chip.jpg,Not smiling,0.6775,0.2028191072826938,239.15426781519184,10.0
101,208,1_0_2_20161219195800652.jpg.chip.jpg,Not smiling,0.7353,0.24808144087705553,225.57556773688333,108.0
101,209,1_0_2_20161219212444782.jpg.chip.jpg,Not smiling,0.6967,0.21785434612372745,234.64369616288175,88.0
101,210,1_0_2_20161219204409620.jpg.chip.jpg,Smiling,0.6899,0.21252936570086134,-236.2411902897416,279.0
101,211,1_0_2_20161219162212662.jpg.chip.jpg,Not smiling,0.6918,0.21401722787783872,235.79483163664838,163.0
101,212,1_0_2_20161219161640358.jpg.chip.jpg,Not smiling,0.687,0.21025841816758029,236.9224745497259,11.0
101,213,1_0_2_20161219202752764.jpg.chip.jpg,Not smiling,0.7476,0.2577133907595929,222.68598277212214,8.0
101,214,1_0_2_20161219211828974.jpg.chip.jpg,Not smiling,0.4876,0.05411119812059517,283.76664056382145,143.0
101,215,1_0_2_20161219204951309.jpg.chip.jpg,Not smiling,0.5172,0.07729052466718872,276.8128425998434,266.0
101,216,1_1_2_20161219162419463.jpg.chip.jpg,Not smiling,0.5121,0.0732967893500392,278.0109631949883,107.0
101,217,1_0_2_20161219142135209.jpg.chip.jpg,Not smiling,0.5542,0.10626468285043073,268.1205951448708,177.0
101,218,1_1_2_20161219212611880.jpg.chip.jpg,Not smiling,0.5276,0.08543461237274863,274.3696162881754,262.0
101,219,1_0_2_20161219155411381.jpg.chip.jpg,Smiling,0.6029,0.14440093970242757,-256.6797180892718,134.0
101,220,1_1_2_20161219154712061.jpg.chip.jpg,Not smiling,0.5228,0.08167580266249025,275.4972592012529,267.0
101,221,1_1_2_20161219162730478.jpg.chip.jpg,Smiling,0.6195,0.1574001566170713,-252.7799530148786,250.0
101,222,1_0_2_20161219204024196.jpg.chip.jpg,Smiling,0.6095,0.14956930305403293,-255.12920908379013,90.0
101,223,1_0_2_20161219222527222.jpg.chip.jpg,Smiling,0.5398,0.09498825371965541,-271.5035238841034,173.0
101,224,1_0_2_20161219155854085.jpg.chip.jpg,Not smiling,0.6572,0.186922474549726,243.9232576350822,174.0
101,225,1_0_2_20161219204655933.jpg.chip.jpg,Smiling,0.7072,0.22607674236491782,-232.17697729052466,257.0
101,226,1_1_2_20161219141502337.jpg.chip.jpg,Smiling,0.8094,0.30610806577916994,-208.16758026624902,158.0
101,227,1_1_2_20161219222703503.jpg.chip.jpg,Not smiling,0.5857,0.1309318715740016,260.72043852779956,67.0
101,228,1_0_2_20161219195639772.jpg.chip.jpg,Smiling,0.5666,0.11597494126859831,-265.2075176194205,115.0
101,229,1_1_2_20161219162024742.jpg.chip.jpg,Smiling,0.7397,0.2515270164447925,-224.54189506656226,205.0
101,230,1_1_2_20161219211701334.jpg.chip.jpg,Not smiling,0.6487,0.1802662490211434,245.92012529365698,274.0
101,231,1_1_2_20161219221253335.jpg.chip.jpg,Smiling,0.8852,0.3654659357870008,-190.36021926389975,246.0
101,232,1_0_2_20161219204845029.jpg.chip.jpg,Not smiling,0.9225,0.3946750195771339,181.59749412685983,264.0
101,233,1_1_2_20161219201453804.jpg.chip.jpg,Not smiling,0.8334,0.324902114330462,202.5293657008614,291.0
101,234,1_1_2_20161219205514837.jpg.chip.jpg,Not smiling,0.8229,0.31667971808927176,204.99608457321847,45.0
101,235,1_0_2_20161219212824950.jpg.chip.jpg,Smiling,0.6307,0.1661707126076743,-250.1487862176977,75.0
101,236,1_1_2_20161219212313989.jpg.chip.jpg,Smiling,1.0107,0.4637431480031323,-160.8770555990603,195.0
101,237,1_0_2_20161219195703108.jpg.chip.jpg,Smiling,0.6996,0.2201252936570086,-233.96241190289743,254.0
101,238,1_0_2_20161219154024292.jpg.chip.jpg,Smiling,1.0105,0.4635865309318715,-160.92404072043854,66.0
101,239,1_1_2_20161219221915303.jpg.chip.jpg,Not smiling,0.6403,0.17368833202819112,247.89350039154266,42.0
101,240,1_1_2_20161219200258716.jpg.chip.jpg,Not smiling,0.704,0.22357086922474545,232.92873923257636,275.0
101,241,1_0_2_20161219222549447.jpg.chip.jpg,Smiling,0.607,0.1476115896632733,-255.71652310101803,202.0
101,242,1_1_2_20161219192458643.jpg.chip.jpg,Not smiling,0.6298,0.1654659357870008,250.36021926389978,83.0
101,243,1_1_2_20161219211002173.jpg.chip.jpg,Not smiling,0.5781,0.1249804228660924,262.50587314017224,242.0
101,244,1_1_2_20161219153439021.jpg.chip.jpg,Not smiling,0.5127,0.07376664056382154,277.8700078308535,113.0
101,245,1_0_2_20161219160107597.jpg.chip.jpg,Smiling,0.5456,0.09953014878621769,-270.1409553641347,54.0
101,246,1_0_2_20161219194820459.jpg.chip.jpg,Not smiling,0.532,0.08888018794048558,273.33594361785435,229.0
101,247,1_0_2_20161219222832191.jpg.chip.jpg,Not smiling,0.526,0.08418167580266256,274.7454972592012,204.0
101,248,1_0_2_20161219204836612.jpg.chip.jpg,Not smiling,0.4603,0.03273296789350044,290.18010963194985,61.0
101,249,1_1_2_20161219211948405.jpg.chip.jpg,Not smiling,0.5045,0.06734534064212999,279.79639780736096,144.0
101,250,1_1_2_20161219205649948.jpg.chip.jpg,Smiling,0.6736,0.19976507439310887,-240.07047768206735,221.0
101,251,1_0_2_20161219161428895.jpg.chip.jpg,Smiling,0.6353,0.16977290524667188,-249.06812842599842,33.0
101,252,1_1_2_20161219205233581.jpg.chip.jpg,Not smiling,0.5273,0.08519968676585749,274.44009397024274,298.0
101,253,1_0_2_20161219141927321.jpg.chip.jpg,Not smiling,0.67,0.19694596711041512,240.91620986687548,48.0
101,254,1_1_2_20161219155922221.jpg.chip.jpg,Smiling,0.6537,0.18418167580266243,-244.74549725920127,299.0
101,255,1_0_2_20161219201442357.jpg.chip.jpg,Smiling,0.6756,0.20133124510571654,-239.60062646828504,141.0
101,256,1_0_2_20161219204958037.jpg.chip.jpg,Not smiling,0.6493,0.1807361002349256,245.7791699295223,102.0
101,257,1_0_2_20161219212648582.jpg.chip.jpg,Smiling,0.5132,0.07415818324197337,-277.752545027408,85.0
101,258,1_1_2_20161219203432220.jpg.chip.jpg,Not smiling,0.5725,0.12059514487079093,263.82145653876273,280.0
101,259,1_1_2_20161219190745330.jpg.chip.jpg,Not smiling,0.7177,0.23429913860610807,229.71025841816757,30.0
101,260,1_1_2_20161219204636789.jpg.chip.jpg,Not smiling,0.6458,0.17799530148786225,246.60140955364133,181.0
101,261,1_0_2_20161219161032534.jpg.chip.jpg,Smiling,0.6181,0.15630383711824591,-253.10884886452624,97.0
101,262,1_0_2_20161220145040127.jpg.chip.jpg,Smiling,0.5865,0.1315583398590447,-260.5324980422866,126.0
101,263,1_0_2_20161219222555031.jpg.chip.jpg,Not smiling,0.5883,0.13296789350039162,260.1096319498825,5.0
101,264,1_0_2_20161219190831555.jpg.chip.jpg,Smiling,0.5952,0.13837118245888802,-258.4886452623336,84.0
101,265,1_1_2_20161219195923075.jpg.chip.jpg,Smiling,0.5048,0.06758026624902119,-279.7259201252936,86.0
101,266,1_0_2_20161219211836743.jpg.chip.jpg,Smiling,0.5833,0.12905246671887244,-261.2842599843383,95.0
101,267,1_0_2_20161219213454832.jpg.chip.jpg,Not smiling,0.5411,0.09600626468285045,271.19812059514487,139.0
101,268,1_0_2_20161219161822166.jpg.chip.jpg,Smiling,0.6593,0.18856695379796395,-243.4299138606108,273.0
101,269,1_0_2_20170109191209991.jpg.chip.jpg,Smiling,0.7005,0.2208300704776821,-233.75097885669535,281.0
101,270,1_0_2_20161219211407518.jpg.chip.jpg,Not smiling,0.7551,0.26358653093187157,220.92404072043854,118.0
101,271,1_0_2_20161219142032650.jpg.chip.jpg,Smiling,0.6105,0.15035238841033677,-254.89428347689895,255.0
101,272,1_1_2_20161219211512447.jpg.chip.jpg,Not smiling,0.7642,0.27071260767423644,218.78621769772906,256.0
101,273,1_0_2_20161219200342123.jpg.chip.jpg,Not smiling,0.6774,0.2027407987470634,239.17776037588098,138.0
101,274,1_1_2_20161219200119571.jpg.chip.jpg,Not smiling,0.5645,0.11433046202036024,265.70086139389196,56.0
101,275,1_0_2_20161219212510086.jpg.chip.jpg,Smiling,0.6417,0.1747846515270165,-247.56460454189505,179.0
101,276,1_0_2_20161219220503943.jpg.chip.jpg,Not smiling,0.5612,0.11174628034455758,266.47611589663273,201.0
101,277,1_0_2_20161219155859061.jpg.chip.jpg,Smiling,0.556,0.10767423649177765,-267.6977290524667,178.0
101,278,1_0_2_20161219204252348.jpg.chip.jpg,Smiling,0.6406,0.1739232576350822,-247.82302270947534,51.0
101,279,1_0_2_20170109192102236.jpg.chip.jpg,Smiling,0.594,0.13743148003132344,-258.770555990603,112.0
101,280,1_1_2_20161219141709601.jpg.chip.jpg,Not smiling,0.633,0.16797180892717306,249.60845732184808,76.0
101,281,1_0_2_20161219161616326.jpg.chip.jpg,Smiling,0.7147,0.23194988253719662,-230.41503523884103,135.0
101,282,1_1_2_20161219221237927.jpg.chip.jpg,Not smiling,0.6082,0.1485512920908379,255.43461237274866,172.0
101,283,1_0_2_20161219221908887.jpg.chip.jpg,Not smiling,0.4771,0.04588880187940492,286.23335943617855,217.0
101,284,1_0_2_20170117195243732.jpg.chip.jpg,Not smiling,0.5154,0.07588097102584185,277.23570869224744,165.0
101,285,1_0_2_20161219204515493.jpg.chip.jpg,Not smiling,0.8653,0.3498825371965544,195.03523884103367,187.0
101,286,1_1_2_20161219202106997.jpg.chip.jpg,Not smiling,0.5593,0.11025841816758031,266.9224745497259,289.0
101,287,1_0_2_20161219204010237.jpg.chip.jpg,Not smiling,0.5124,0.07353171495693028,277.9404855129209,72.0
101,288,1_0_2_20161219222014119.jpg.chip.jpg,Not smiling,0.5727,0.12075176194205167,263.77447141738446,185.0
101,289,1_0_2_20161219193903835.jpg.chip.jpg,Not smiling,0.6916,0.21386061080657792,235.84181675802662,247.0
101,290,1_0_2_20161219160951502.jpg.chip.jpg,Smiling,0.6276,0.1637431480031324,-250.87705559906027,290.0
101,291,1_1_2_20161219193510436.jpg.chip.jpg,Not smiling,0.6256,0.16217697729052472,251.34690681284258,78.0
101,292,1_0_2_20161219154038141.jpg.chip.jpg,Not smiling,0.8319,0.32372748629600623,202.88175411119812,57.0
101,293,1_1_2_20161219195732971.jpg.chip.jpg,Not smiling,0.7925,0.29287392325763506,212.13782302270948,215.0
101,294,1_0_2_20161219203122004.jpg.chip.jpg,Not smiling,0.6526,0.18332028191072824,245.00391542678153,271.0
101,295,1_0_2_20161219195959395.jpg.chip.jpg,Smiling,0.8312,0.32317932654659365,-203.0462020360219,98.0
101,296,1_1_2_20161219162021366.jpg.chip.jpg,Not smiling,0.6676,0.19506656225528585,241.48003132341424,164.0
101,297,1_0_2_20161219210310309.jpg.chip.jpg,Not smiling,0.9426,0.41041503523884104,176.8754894283477,109.0
101,298,1_0_2_20161219221751759.jpg.chip.jpg,Not smiling,0.6663,0.19404855129209087,241.78543461237274,225.0
101,299,1_0_2_20161219155748349.jpg.chip.jpg,Smiling,0.6423,0.1752545027407988,-247.42364917776035,232.0
101,300,1_1_2_20161219221706807.jpg.chip.jpg,Not smiling,0.6763,0.20187940485512923,239.43617854346124,117.0
0,1,1_0_2_20161219204958037.jpg.chip.jpg,Not smiling,0.7029,0.556246529705719,133.1260410882843,102.0
0,2,1_0_2_20161219202752764.jpg.chip.jpg,Smiling,0.4741,0.3021654636313159,-209.35036091060522,8.0
0,3,1_0_2_20161219222609775.jpg.chip.jpg,Not smiling,0.4006,0.2205441421432537,233.83675735702388,70.0
0,4,1_1_2_20161219221706807.jpg.chip.jpg,Not smiling,0.4118,0.2329816768461965,230.10549694614105,117.0
0,5,1_1_2_20161219200309555.jpg.chip.jpg,Smiling,0.4667,0.29394780677401433,-211.8156579677957,122.0
0,6,1_1_2_20161219212611880.jpg.chip.jpg,Not smiling,0.4554,0.281399222654081,215.5802332037757,262.0
0,7,1_0_2_20161219160107597.jpg.chip.jpg,Smiling,0.4696,0.2971682398667407,-210.8495280399778,54.0
0,8,1_0_2_20161219161616326.jpg.chip.jpg,Smiling,0.5285,0.3625763464741809,-191.22709605774574,135.0
0,9,1_0_2_20161219155655085.jpg.chip.jpg,Not smiling,0.6076,0.45041643531371456,164.87506940588563,44.0
0,10,1_1_2_20161219204636789.jpg.chip.jpg,Not smiling,0.583,0.4230982787340365,173.07051637978904,181.0
0,11,1_0_2_20161219222749039.jpg.chip.jpg,Not smiling,0.4721,0.2999444752915047,210.0166574125486,192.0
0,12,1_0_2_20161219160747326.jpg.chip.jpg,Smiling,0.5785,0.41810105496946137,-174.5696835091616,285.0
0,13,1_0_2_20161219212824950.jpg.chip.jpg,Smiling,0.5218,0.3551360355358134,-193.45918933925597,75.0
0,14,1_0_2_20161219200532811.jpg.chip.jpg,Smiling,0.4789,0.3074958356468628,-207.75124930594117,214.0
0,15,1_0_2_20161219222527222.jpg.chip.jpg,Not smiling,0.5302,0.3644641865630205,190.66074403109386,173.0
0,16,1_0_2_20161219200503284.jpg.chip.jpg,Smiling,0.5618,0.3995558023320377,-180.1332593003887,39.0
0,17,1_0_2_20161219212502046.jpg.chip.jpg,Not smiling,0.5613,0.3990005552470849,180.29983342587454,13.0
0,18,1_0_2_20161219204845029.jpg.chip.jpg,Not smiling,0.4836,0.31271515824541907,206.1854525263743,264.0
0,19,1_1_2_20161219141709601.jpg.chip.jpg,Not smiling,0.5247,0.35835646862853965,192.4930594114381,76.0
0,20,1_0_2_20161219204252348.jpg.chip.jpg,Smiling,0.6263,0.47118267629094934,-158.6451971127152,51.0
0,21,1_0_2_20161219205313061.jpg.chip.jpg,Not smiling,0.5555,0.3925596890616323,182.23209328151032,245.0
0,22,1_1_2_20161219200152877.jpg.chip.jpg,Not smiling,0.5793,0.4189894503053858,174.30316490838425,283.0
0,23,1_0_2_20161219222046607.jpg.chip.jpg,Not smiling,0.4148,0.23631315935591332,229.106052193226,28.0
0,24,1_0_2_20161219160951502.jpg.chip.jpg,Smiling,0.4838,0.31293725707940023,-206.11882287617993,290.0
0,25,1_0_2_20161219141927321.jpg.chip.jpg,Not smiling,0.3193,0.13026096612992774,260.9217101610217,48.0
0,26,1_1_2_20161219205644669.jpg.chip.jpg,Not smiling,0.5486,0.38489727928928363,184.5308162132149,259.0
0,27,1_0_2_20161219204858548.jpg.chip.jpg,Not smiling,0.4351,0.2588561910049971,222.34314269850086,238.0
0,28,1_1_2_20161219210955701.jpg.chip.jpg,Not smiling,0.4418,0.26629650194336474,220.11104941699057,241.0
0,29,1_1_2_20161219194655428.jpg.chip.jpg,Not smiling,0.5475,0.38367573570238744,184.89727928928377,128.0
0,30,1_0_2_20161219221908887.jpg.chip.jpg,Not smiling,0.435,0.25874514158800666,222.376457523598,217.0
0,31,1_1_2_20161219195732971.jpg.chip.jpg,Smiling,0.4922,0.3222654081066074,-203.32037756801776,215.0
0,32,1_0_2_20161219162649582.jpg.chip.jpg,Smiling,0.4512,0.2767351471404774,-216.97945585785678,175.0
0,33,1_0_2_20161219212516942.jpg.chip.jpg,Not smiling,0.4611,0.287729039422543,213.6812881732371,146.0
0,34,1_0_2_20161219140540938.jpg.chip.jpg,Smiling,0.4421,0.2666296501943365,-220.01110494169905,220.0
0,35,1_0_2_20161219201442357.jpg.chip.jpg,Not smiling,0.203,0.001110494169905607,299.6668517490283,141.0
0,36,1_0_2_20161219222119639.jpg.chip.jpg,Not smiling,0.522,0.35535813436979447,193.39255968906167,249.0
0,37,1_0_2_20161219211107805.jpg.chip.jpg,Smiling,1.1025,1.0,0.0,104.0
0,38,1_1_2_20161219210324181.jpg.chip.jpg,Not smiling,0.4178,0.2396446418656302,228.10660744031094,116.0
0,39,1_0_2_20161219194800523.jpg.chip.jpg,Not smiling,0.5137,0.34614103275957797,196.15769017212662,236.0
0,40,1_0_2_20161219154354285.jpg.chip.jpg,Smiling,0.4551,0.28106607440310927,-215.6801776790672,58.0
0,41,1_0_2_20161219211505437.jpg.chip.jpg,Smiling,0.3346,0.1472515269294836,-255.82454192115492,294.0
0,42,1_0_2_20161219210754437.jpg.chip.jpg,Not smiling,0.4437,0.26840644086618537,219.47806774014438,284.0
0,43,1_0_2_20161219194804739.jpg.chip.jpg,Not smiling,0.5102,0.34225430316490835,197.3237090505275,23.0
0,44,1_0_2_20161219204515493.jpg.chip.jpg,Smiling,0.5032,0.334480843975569,-199.6557468073293,187.0
0,45,1_0_2_20161219153055452.jpg.chip.jpg,Not smiling,0.4977,0.32837312604108815,201.48806218767356,6.0
0,46,1_0_2_20161219202914180.jpg.chip.jpg,Not smiling,0.4954,0.3258189894503053,202.2543031649084,10.0
0,47,1_0_2_20161219162626830.jpg.chip.jpg,Not smiling,0.3609,0.17645752359800107,247.06274292059967,265.0
0,48,1_0_2_20161219203122004.jpg.chip.jpg,Not smiling,0.4392,0.26340921710161014,220.97723486951696,271.0
0,49,1_1_2_20161219222144951.jpg.chip.jpg,Not smiling,0.4402,0.26451971127151575,220.6440866185453,155.0
0,50,1_0_2_20161219222752047.jpg.chip.jpg,Not smiling,0.452,0.277623542476402,216.7129372570794,55.0
0,51,1_1_2_20161219162523262.jpg.chip.jpg,Smiling,0.4525,0.2781787895613548,-216.54636313159358,222.0
0,52,1_0_2_20161219155857576.jpg.chip.jpg,Smiling,0.5851,0.4254303164908383,-172.37090505274853,17.0
0,53,1_0_2_20161219205836181.jpg.chip.jpg,Not smiling,0.6064,0.4490838423098279,165.27484730705163,40.0
0,54,1_1_2_20161219221241583.jpg.chip.jpg,Not smiling,0.6596,0.5081621321488061,147.55136035535816,9.0
0,55,1_0_2_20170110213415212.jpg.chip.jpg,Smiling,0.5454,0.38134369794558576,-185.59689061632426,198.0
0,56,1_0_2_20161219212557190.jpg.chip.jpg,Not smiling,0.5304,0.36468628539700154,190.59411438089953,18.0
0,57,1_1_2_20161219192240930.jpg.chip.jpg,Not smiling,0.555,0.3920044419766796,182.3986674069961,120.0
0,58,1_0_2_20161219161826830.jpg.chip.jpg,Not smiling,0.4093,0.23020544142143248,230.93836757357025,82.0
0,59,1_0_2_20170110212743721.jpg.chip.jpg,Smiling,0.3792,0.1967795669072737,-240.9661299278179,258.0
0,60,1_1_2_20161219162415934.jpg.chip.jpg,Not smiling,0.5302,0.3644641865630205,190.66074403109386,73.0
0,61,1_0_2_20161219195258747.jpg.chip.jpg,Smiling,0.465,0.29205996668517487,-212.38200999444754,228.0
0,62,1_1_2_20161219212514021.jpg.chip.jpg,Smiling,0.4775,0.30594114380899495,-208.2176568573015,234.0
0,63,1_1_2_20161219162021366.jpg.chip.jpg,Smiling,0.4387,0.26285397001665733,-221.1438089950028,164.0
0,64,1_1_2_20161219195630371.jpg.chip.jpg,Smiling,0.5027,0.3339255968906163,-199.8223209328151,62.0
0,65,1_0_2_20161219162852759.jpg.chip.jpg,Smiling,0.5493,0.3856746252082176,-184.29761243753472,106.0
0,66,1_1_2_20161219162419463.jpg.chip.jpg,Smiling,0.6563,0.5044975013881177,-148.6507495835647,107.0
0,67,1_1_2_20161219162635831.jpg.chip.jpg,Smiling,0.4296,0.2527484730705163,-224.1754580788451,194.0
0,68,1_0_2_20161219204409620.jpg.chip.jpg,Smiling,0.5658,0.4039977790116601,-178.80066629650196,279.0
0,69,1_1_2_20161219162225422.jpg.chip.jpg,Not smiling,0.5113,0.3434758467518044,196.95724597445866,69.0
0,70,1_1_2_20161219202852780.jpg.chip.jpg,Not smiling,0.8248,0.6916157690172126,92.51526929483623,101.0
0,71,1_0_2_20161219222549447.jpg.chip.jpg,Smiling,0.5108,0.34292059966685173,-197.12382009994448,202.0
0,72,1_1_2_20161219202106997.jpg.chip.jpg,Not smiling,0.4675,0.2948362021099389,211.54913936701834,289.0
0,73,1_0_2_20161219212510086.jpg.chip.jpg,Smiling,0.3935,0.21265963353692394,-236.2021099389228,179.0
0,74,1_1_2_20161219221243095.jpg.chip.jpg,Smiling,0.617,0.46085508051082724,-161.74347584675183,14.0
0,75,1_0_2_20161219212648582.jpg.chip.jpg,Smiling,0.496,0.3264852859522487,-202.0544142143254,85.0
0,76,1_0_2_20161219222035808.jpg.chip.jpg,Smiling,0.5203,0.3534702942809549,-193.95891171571353,188.0
0,77,1_0_2_20161219194859803.jpg.chip.jpg,Not smiling,0.727,0.5830094392004441,125.09716823986676,243.0
0,78,1_0_2_20161219195334724.jpg.chip.jpg,Not smiling,0.4762,0.3044975013881177,208.65074958356468,22.0
0,79,1_0_2_20161219194845363.jpg.chip.jpg,Not smiling,0.532,0.36646307606885065,190.0610771793448,64.0
0,80,1_0_2_20161219190831555.jpg.chip.jpg,Smiling,0.408,0.22876179900055518,-231.37146029983344,84.0
0,81,1_0_2_20161219194811588.jpg.chip.jpg,Not smiling,0.7236,0.5792337590227651,126.22987229317047,297.0
0,82,1_1_2_20161219194839971.jpg.chip.jpg,Smiling,0.4663,0.2935036091060521,-211.94891726818437,263.0
0,83,1_0_2_20161219205702141.jpg.chip.jpg,Not smiling,0.4255,0.24819544697390336,225.54136590782898,2.0
0,84,1_1_2_20161219205649948.jpg.chip.jpg,Smiling,0.4703,0.29794558578567454,-210.61632426429765,221.0
0,85,1_1_2_20161219195213195.jpg.chip.jpg,Not smiling,0.4371,0.26107717934480834,221.6768461965575,145.0
0,86,1_1_2_20161219200230867.jpg.chip.jpg,Not smiling,0.3858,0.20410882842865066,238.76735147140482,287.0
0,87,1_0_2_20161219203743797.jpg.chip.jpg,Not smiling,0.5351,0.36990560799555794,189.02831760133262,129.0
0,88,1_0_2_20161219210310309.jpg.chip.jpg,Not smiling,0.4059,0.22642976124375344,232.07107162687396,109.0
0,89,1_0_2_20161219162433846.jpg.chip.jpg,Smiling,0.4297,0.252859522487507,-224.14214325374792,292.0
0,90,1_0_2_20161219160450054.jpg.chip.jpg,Not smiling,0.6034,0.4457523598001111,166.27429205996668,21.0
0,91,1_0_2_20161219142002631.jpg.chip.jpg,Not smiling,0.5161,0.3488062187673514,195.35813436979458,19.0
0,92,1_0_2_20161219200004228.jpg.chip.jpg,Smiling,0.202,0.0,-300.0,105.0
0,93,1_0_2_20170109192222822.jpg.chip.jpg,Not smiling,0.6356,0.48151027207107155,155.54691837867853,37.0
0,94,1_1_2_20161219195923075.jpg.chip.jpg,Smiling,0.6606,0.5092726263187117,-147.21821210438648,86.0
0,95,1_1_2_20161219162024742.jpg.chip.jpg,Smiling,0.6605,0.5091615769017211,-147.25152692948365,205.0
0,96,1_1_2_20161219153439021.jpg.chip.jpg,Not smiling,0.6857,0.5371460299833425,138.85619100499724,113.0
0,97,1_1_2_20161219162843079.jpg.chip.jpg,Smiling,0.5,0.3309272626318711,-200.72182121043866,197.0
0,98,1_0_2_20161219203105373.jpg.chip.jpg,Not smiling,0.6564,0.5046085508051081,148.61743475846757,100.0
0,99,1_0_2_20161219161428895.jpg.chip.jpg,Smiling,0.5519,0.3885619100499721,-183.4314269850084,33.0
0,100,1_1_2_20161219195928428.jpg.chip.jpg,Not smiling,0.5946,0.43598001110494167,169.2059966685175,7.0
0,101,1_1_2_20161219212313989.jpg.chip.jpg,Smiling,0.5785,0.41810105496946137,-174.5696835091616,195.0
0,102,1_1_2_20161219205734821.jpg.chip.jpg,Smiling,0.7173,0.5722376457523598,-128.32870627429205,207.0
0,103,1_0_2_20161219202906108.jpg.chip.jpg,Smiling,0.5353,0.3701277068295391,-188.96168795113826,35.0
0,104,1_0_2_20161219220503943.jpg.chip.jpg,Not smiling,0.4463,0.27129372570793997,218.61188228761802,201.0
0,105,1_0_2_20161219162846063.jpg.chip.jpg,Not smiling,0.4004,0.22032204330927255,233.90338700721824,63.0
0,106,1_0_2_20161219195200555.jpg.chip.jpg,Not smiling,0.5036,0.3349250416435313,199.5224875069406,218.0
0,107,1_1_2_20161219155922221.jpg.chip.jpg,Smiling,0.5661,0.40433092726263187,-178.70072182121044,299.0
0,108,1_0_2_20161219211828974.jpg.chip.jpg,Not smiling,0.4795,0.30816213214880617,207.55136035535816,143.0
0,109,1_0_2_20161219195703108.jpg.chip.jpg,Smiling,0.6103,0.45341476957245963,-163.97556912826212,254.0
0,110,1_0_2_20161219222555031.jpg.chip.jpg,Not smiling,0.5527,0.38945030538589664,183.164908384231,5.0
0,111,1_1_2_20161219204430596.jpg.chip.jpg,Not smiling,0.5141,0.3465852304275402,196.02443087173793,169.0
0,112,1_0_2_20170110213523297.jpg.chip.jpg,Not smiling,0.5082,0.34003331482509713,197.99000555247085,244.0
0,113,1_0_2_20161219221845695.jpg.chip.jpg,Not smiling,0.4337,0.2573014991671293,222.80955024986122,74.0
0,114,1_1_2_20161219155811293.jpg.chip.jpg,Smiling,0.3889,0.20755136035535812,-237.73459189339255,25.0
0,115,1_0_2_20161219200052700.jpg.chip.jpg,Smiling,0.4703,0.29794558578567454,-210.61632426429765,261.0
0,116,1_0_2_20161219161626814.jpg.chip.jpg,Not smiling,0.629,0.4741810105496945,157.74569683509165,142.0
0,117,1_0_2_20161219222014119.jpg.chip.jpg,Not smiling,0.4737,0.3017212659633536,209.48362021099393,185.0
0,118,1_0_2_20161219155850477.jpg.chip.jpg,Not smiling,0.5882,0.4288728484175457,171.33814547473628,151.0
0,119,1_1_2_20161219204304845.jpg.chip.jpg,Smiling,0.4619,0.28861743475846746,-213.41476957245976,206.0
0,120,1_0_2_20161219205548949.jpg.chip.jpg,Smiling,0.5514,0.3880066629650194,-183.59800111049418,253.0
0,121,1_0_2_20161219212444782.jpg.chip.jpg,Not smiling,0.4511,0.27662409772348684,217.01277068295394,88.0
0,122,1_0_2_20161219222043223.jpg.chip.jpg,Not smiling,0.5631,0.40099944475291505,179.7001665741255,159.0
0,123,1_1_2_20161219194854052.jpg.chip.jpg,Smiling,0.4278,0.25074958356468624,-224.77512493059413,184.0
0,124,1_0_2_20161219212700566.jpg.chip.jpg,Not smiling,0.6243,0.46896168795113813,159.31149361465856,272.0
0,125,1_0_2_20161219154715885.jpg.chip.jpg,Smiling,0.4642,0.2911715713492503,-212.64852859522492,96.0
0,126,1_1_2_20161219200100707.jpg.chip.jpg,Not smiling,0.4561,0.282176568573015,215.3470294280955,193.0
0,127,1_1_2_20161219190745330.jpg.chip.jpg,Not smiling,0.4393,0.2635202665186007,220.94392004441977,30.0
0,128,1_0_2_20161219205758717.jpg.chip.jpg,Smiling,0.4022,0.2223209328151027,-233.3037201554692,130.0
0,129,1_1_2_20161219162730478.jpg.chip.jpg,Smiling,0.5417,0.37723486951693497,-186.82953914491952,250.0
0,130,1_1_2_20161219151131108.jpg.chip.jpg,Not smiling,0.5372,0.37223764575235974,188.32870627429207,186.0
0,131,1_0_2_20161219161625326.jpg.chip.jpg,Smiling,0.4885,0.31815657967795663,-204.55302609661302,41.0
0,132,1_1_2_20161219194531091.jpg.chip.jpg,Not smiling,0.437,0.26096612992781787,221.71016102165464,295.0
0,133,1_0_2_20161219204848341.jpg.chip.jpg,Smiling,0.5608,0.3984453081621321,-180.46640755136036,160.0
0,134,1_0_2_20161219161919870.jpg.chip.jpg,Smiling,0.4106,0.23164908384230984,-230.50527484730705,99.0
0,135,1_1_2_20161219153429836.jpg.chip.jpg,Not smiling,0.8415,0.7101610216546362,86.95169350360914,111.0
0,136,1_0_2_20161219204024196.jpg.chip.jpg,Smiling,0.5455,0.38145474736257623,-185.56357579122712,90.0
0,137,1_0_2_20170109191453449.jpg.chip.jpg,Not smiling,0.4335,0.25707940033314824,222.87617990005552,43.0
0,138,1_1_2_20161219202514684.jpg.chip.jpg,Not smiling,0.5977,0.43942254303164896,168.17323709050532,252.0
0,139,1_0_2_20161219202542596.jpg.chip.jpg,Not smiling,0.4829,0.3119378123264852,206.41865630205444,132.0
0,140,1_1_2_20161219162113982.jpg.chip.jpg,Not smiling,0.4386,0.26274292059966675,221.17712382009998,196.0
0,141,1_1_2_20161219222801647.jpg.chip.jpg,Not smiling,0.4733,0.30127706829539136,209.6168795113826,26.0
0,142,1_0_2_20161219195643627.jpg.chip.jpg,Smiling,0.3891,0.20777345918933923,-237.66796224319825,38.0
0,143,1_1_2_20161219220411361.jpg.chip.jpg,Not smiling,0.444,0.2687395891171571,219.37812326485286,31.0
0,144,1_0_2_20161219154024292.jpg.chip.jpg,Smiling,0.4115,0.2326485285952248,-230.20544142143257,66.0
0,145,1_1_2_20161219151127243.jpg.chip.jpg,Not smiling,0.4727,0.300610771793448,209.8167684619656,270.0
0,146,1_1_2_20161219201159932.jpg.chip.jpg,Not smiling,0.585,0.4253192670738477,172.4042198778457,133.0
0,147,1_1_2_20161219202945116.jpg.chip.jpg,Not smiling,0.5097,0.34169905607995554,197.49028317601335,53.0
0,148,1_0_2_20161219220247471.jpg.chip.jpg,Smiling,0.5439,0.37967795669072735,-186.0966129927818,77.0
0,149,1_0_2_20161219161855278.jpg.chip.jpg,Not smiling,0.5349,0.3696835091615769,189.09494725152695,199.0
0,150,1_1_2_20161219221915303.jpg.chip.jpg,Not smiling,0.5784,0.4179900055524708,174.60299833425876,42.0
0,151,1_0_2_20161219215433975.jpg.chip.jpg,Smiling,0.4059,0.22642976124375344,-232.07107162687396,296.0
0,152,1_1_2_20161219211512447.jpg.chip.jpg,Not smiling,0.5955,0.4369794558578567,168.906163242643,256.0
0,153,1_0_2_20161219162719255.jpg.chip.jpg,Not smiling,0.5156,0.3482509716823985,195.52470849528046,276.0
0,154,1_1_2_20161219220348151.jpg.chip.jpg,Not smiling,0.3779,0.19533592448639645,241.39922265408106,124.0
0,155,1_1_2_20161219222758263.jpg.chip.jpg,Not smiling,0.4951,0.32548584119933366,202.3542476401999,182.0
0,156,1_0_2_20161219193903835.jpg.chip.jpg,Not smiling,0.4103,0.2313159355913381,230.60521932259857,247.0
0,157,1_1_2_20161219200119571.jpg.chip.jpg,Not smiling,0.4171,0.23886729594669628,228.33981121599112,56.0
0,158,1_1_2_20161219154533821.jpg.chip.jpg,Not smiling,0.4131,0.23442531926707386,229.67240421987785,216.0
0,159,1_1_2_20161219154712061.jpg.chip.jpg,Not smiling,0.4232,0.24564131038312045,226.30760688506388,267.0
0,160,1_0_2_20161219211836743.jpg.chip.jpg,Not smiling,0.6036,0.44597445863409213,166.20766240977235,95.0
0,161,1_1_2_20161219202741628.jpg.chip.jpg,Not smiling,0.4515,0.27706829539144917,216.87951138256525,251.0
0,162,1_0_2_20161219203112116.jpg.chip.jpg,Not smiling,0.3898,0.20855080510827315,237.43475846751804,147.0
0,163,1_0_2_20161219201312292.jpg.chip.jpg,Smiling,0.3981,0.2177679067184897,-234.6696279844531,224.0
0,164,1_1_2_20161219155909061.jpg.chip.jpg,Not smiling,0.4665,0.2937257079400333,211.88228761799002,269.0
0,165,1_0_2_20161219204736996.jpg.chip.jpg,Not smiling,0.4175,0.23931149361465845,228.20655191560246,237.0
0,166,1_1_2_20161219202727078.jpg.chip.jpg,Not smiling,0.4201,0.24219877845641305,227.3403664630761,125.0
0,167,1_0_2_20161219142032650.jpg.chip.jpg,Smiling,0.4458,0.27073847862298717,-218.77845641310384,255.0
0,168,1_0_2_20170109192102236.jpg.chip.jpg,Smiling,0.3572,0.17234869516935034,-248.29539144919488,112.0
0,169,1_0_2_20161219194721851.jpg.chip.jpg,Not smiling,0.3104,0.12037756801776792,263.88672959466965,46.0
0,170,1_0_2_20161219195848259.jpg.chip.jpg,Not smiling,0.7702,0.6309827873403664,110.70516379789008,20.0
0,171,1_0_2_20161219211407518.jpg.chip.jpg,Not smiling,0.4096,0.23053858967240423,230.83842309827872,118.0
0,172,1_1_2_20161219161741126.jpg.chip.jpg,Smiling,0.5678,0.40621876735147133,-178.1343697945586,200.0
0,173,1_0_2_20161219200342123.jpg.chip.jpg,Not smiling,0.8502,0.719822320932815,84.05330372015551,138.0
0,174,1_0_2_20161219201523620.jpg.chip.jpg,Smiling,0.4114,0.23253747917823428,-230.2387562465297,156.0
0,175,1_0_2_20161219222459119.jpg.chip.jpg,Not smiling,0.4645,0.29150471960022206,212.5485841199334,15.0
0,176,1_1_2_20161219221237927.jpg.chip.jpg,Not smiling,0.4264,0.24919489172681838,225.24153248195447,172.0
0,177,1_1_2_20161219201453804.jpg.chip.jpg,Smiling,0.5496,0.38600777345918924,-184.19766796224323,291.0
0,178,1_0_2_20161219211244365.jpg.chip.jpg,Not smiling,0.476,0.30427540255413654,208.71737923375903,210.0
0,179,1_0_2_20161219195800652.jpg.chip.jpg,Not smiling,0.4076,0.22831760133259296,231.50471960022213,108.0
0,180,1_0_2_20161219162847615.jpg.chip.jpg,Not smiling,0.4889,0.31860077734591885,204.41976679622434,16.0
0,181,1_1_2_20161219161814470.jpg.chip.jpg,Not smiling,0.3684,0.18478622987229312,244.56413103831207,50.0
0,182,1_1_2_20161219195107011.jpg.chip.jpg,Not smiling,0.42,0.24208772903942247,227.37368128817326,233.0
0,183,1_0_2_20161219203310132.jpg.chip.jpg,Not smiling,0.4137,0.2350916157690172,229.47251526929486,79.0
0,184,1_1_2_20161219195252187.jpg.chip.jpg,Not smiling,0.4188,0.2407551360355358,227.77345918933926,170.0
0,185,1_1_2_20161219220611473.jpg.chip.jpg,Smiling,0.3334,0.14591893392559682,-256.2243198223209,12.0
0,186,1_0_2_20161219195639772.jpg.chip.jpg,Smiling,0.6164,0.46018878400888386,-161.94336479733485,115.0
0,187,1_1_2_20161219220631367.jpg.chip.jpg,Not smiling,0.5843,0.42454192115491385,172.63742365352584,137.0
0,188,1_0_2_20161219211707638.jpg.chip.jpg,Smiling,0.4927,0.3228206551915602,-203.15380344253194,80.0
0,189,1_1_2_20161219161757030.jpg.chip.jpg,Not smiling,0.4137,0.2350916157690172,229.47251526929486,0.0
0,190,1_1_2_20161219203303165.jpg.chip.jpg,Not smiling,0.2727,0.07851193781232649,276.44641865630206,166.0
0,191,1_0_2_20170117195243732.jpg.chip.jpg,Not smiling,0.305,0.1143808995002776,265.6857301499167,165.0
0,192,1_0_2_20161219141912009.jpg.chip.jpg,Smiling,0.4117,0.23287062742920597,-230.1388117712382,49.0
0,193,1_1_2_20161219155705613.jpg.chip.jpg,Not smiling,0.4721,0.2999444752915047,210.0166574125486,191.0
0,194,1_0_2_20161219162118102.jpg.chip.jpg,Smiling,0.4375,0.2615213770127707,-221.5435868961688,154.0
0,195,1_0_2_20170109191209991.jpg.chip.jpg,Smiling,0.435,0.25874514158800666,-222.376457523598,281.0
0,196,1_0_2_20161219222832191.jpg.chip.jpg,Not smiling,0.6764,0.5268184342032204,141.9544697390339,204.0
0,197,1_1_2_20161219211002173.jpg.chip.jpg,Not smiling,0.4233,0.24575235980011104,226.27429205996668,242.0
0,198,1_0_2_20161219203954396.jpg.chip.jpg,Not smiling,0.4529,0.278622987229317,216.4131038312049,223.0
0,199,1_0_2_20161219162544751.jpg.chip.jpg,Not smiling,0.4239,0.24641865630205437,226.0744031093837,282.0
0,200,1_0_2_20161219155854085.jpg.chip.jpg,Not smiling,0.4495,0.27484730705163796,217.5458078845086,174.0
0,201,1_0_2_20161219155542229.jpg.chip.jpg,Not smiling,0.5516,0.38822876179900045,183.53137146029985,180.0
0,202,1_0_2_20161219155744942.jpg.chip.jpg,Not smiling,0.4063,0.22687395891171566,231.9378123264853,136.0
0,203,1_1_2_20161219203432220.jpg.chip.jpg,Not smiling,0.3075,0.11715713492504162,264.8528595224875,280.0
0,204,1_0_2_20161219162518471.jpg.chip.jpg,Smiling,0.4578,0.28406440866185445,-214.78067740144365,230.0
0,205,1_1_2_20161219205821918.jpg.chip.jpg,Not smiling,0.456,0.2820655191560244,215.38034425319267,209.0
0,206,1_0_2_20170110213009014.jpg.chip.jpg,Not smiling,0.3713,0.18800666296501942,243.59800111049418,81.0
0,207,1_0_2_20161219204010237.jpg.chip.jpg,Not smiling,0.3587,0.17401443642420875,247.79566907273735,72.0
0,208,1_0_2_20161219161032534.jpg.chip.jpg,Smiling,0.4506,0.27606885063853404,-217.1793448084398,97.0
0,209,1_1_2_20161219212416550.jpg.chip.jpg,Smiling,0.3328,0.1452526374236535,-256.42420877290397,208.0
0,210,1_0_2_20161219193938507.jpg.chip.jpg,Smiling,0.4309,0.25419211549139364,-223.7423653525819,114.0
0,211,1_0_2_20161219155859061.jpg.chip.jpg,Smiling,0.4458,0.27073847862298717,-218.77845641310384,178.0
0,212,1_0_2_20161219162212662.jpg.chip.jpg,Not smiling,0.5234,0.3569128262076623,192.9261521377013,163.0
0,213,1_1_2_20161219195318220.jpg.chip.jpg,Not smiling,0.4099,0.23087173792337587,230.73847862298723,140.0
0,214,1_1_2_20161219222703503.jpg.chip.jpg,Not smiling,0.299,0.10771793448084396,267.6846196557468,67.0
0,215,1_1_2_20161219211944925.jpg.chip.jpg,Smiling,0.3619,0.17756801776790668,-246.729594669628,149.0
0,216,1_1_2_20161219210327381.jpg.chip.jpg,Not smiling,0.4851,0.3143808995002775,205.68573014991676,93.0
0,217,1_1_2_20161219200539420.jpg.chip.jpg,Not smiling,0.4013,0.22132148806218763,233.6035535813437,278.0
0,218,1_0_2_20161220145040127.jpg.chip.jpg,Smiling,0.3688,0.1852304275402554,-244.43087173792338,126.0
0,219,1_0_2_20161219155802845.jpg.chip.jpg,Smiling,0.4187,0.24064408661854522,-227.80677401443643,65.0
0,220,1_1_2_20161219212720270.jpg.chip.jpg,Not smiling,0.3233,0.13470294280955017,259.5891171571349,110.0
0,221,1_0_2_20170109193535757.jpg.chip.jpg,Not smiling,0.3751,0.19222654081066068,242.33203775680178,277.0
0,222,1_0_2_20161219204012884.jpg.chip.jpg,Smiling,0.3971,0.2166574125485841,-235.0027762354248,24.0
0,223,1_0_2_20161219190025955.jpg.chip.jpg,Smiling,0.807,0.6718489727928928,-98.44530816213216,127.0
0,224,1_0_2_20161219200048084.jpg.chip.jpg,Not smiling,0.624,0.4686285397001665,159.41143808995005,190.0
0,225,1_0_2_20161219162431598.jpg.chip.jpg,Smiling,0.4055,0.22598556357579122,-232.20433092726262,59.0
0,226,1_0_2_20161219200015132.jpg.chip.jpg,Not smiling,0.334,0.14658523042754026,256.02443087173793,219.0
0,227,1_0_2_20161219155748349.jpg.chip.jpg,Not smiling,0.2841,0.09117157134925044,272.64852859522483,232.0
0,228,1_0_2_20161219161640358.jpg.chip.jpg,Not smiling,0.3765,0.19378123264852856,241.86563020544145,11.0
0,229,1_0_2_20161219205016902.jpg.chip.jpg,Smiling,0.4837,0.31282620766240976,-206.15213770127707,36.0
0,230,1_1_2_20161219142150994.jpg.chip.jpg,Not smiling,0.521,0.35424764019988886,193.72570794003335,268.0
0,231,1_1_2_20161219211701334.jpg.chip.jpg,Not smiling,0.6547,0.5027207107162686,149.18378678511942,274.0
0,232,1_0_2_20161219201319628.jpg.chip.jpg,Not smiling,0.209,0.007773459189339221,297.66796224319825,167.0
0,233,1_1_2_20161219141502337.jpg.chip.jpg,Smiling,0.3922,0.21121599111604658,-236.63520266518603,158.0
0,234,1_0_2_20161219221912695.jpg.chip.jpg,Not smiling,0.5807,0.42054414214325364,173.8367573570239,121.0
0,235,1_0_2_20161219155411381.jpg.chip.jpg,Smiling,0.3577,0.17290394225430314,-248.12881732370906,134.0
0,236,1_0_2_20161219203016316.jpg.chip.jpg,Smiling,0.6026,0.4448639644641865,-166.54081066074406,189.0
0,237,1_1_2_20161219155356357.jpg.chip.jpg,Smiling,0.5575,0.3947806774014435,-181.56579677956694,231.0
0,238,1_0_2_20161219161822166.jpg.chip.jpg,Smiling,0.3948,0.21410327595780118,-235.76901721265963,273.0
0,239,1_1_2_20161219205522365.jpg.chip.jpg,Not smiling,0.3817,0.1995558023320377,240.1332593003887,152.0
0,240,1_0_2_20161219205717701.jpg.chip.jpg,Not smiling,0.778,0.6396446418656301,108.10660744031098,148.0
0,241,1_0_2_20161219154038141.jpg.chip.jpg,Not smiling,0.5083,0.3401443642420876,197.9566907273737,57.0
0,242,1_1_2_20161219200258716.jpg.chip.jpg,Not smiling,0.4421,0.2666296501943365,220.01110494169905,275.0
0,243,1_1_2_20161219221229279.jpg.chip.jpg,Not smiling,0.4241,0.24664075513603548,226.00777345918937,89.0
0,244,1_1_2_20161219155907501.jpg.chip.jpg,Not smiling,0.4058,0.22631871182676286,232.10438645197112,52.0
0,245,1_0_2_20161219194849659.jpg.chip.jpg,Not smiling,0.3555,0.17046085508051076,248.86174347584677,1.0
0,246,1_0_2_20161219140525218.jpg.chip.jpg,Not smiling,0.3995,0.21932259855635758,234.20322043309272,123.0
0,247,1_0_2_20161219205111061.jpg.chip.jpg,Not smiling,0.4665,0.2937257079400333,211.88228761799002,71.0
0,248,1_1_2_20161219155353413.jpg.chip.jpg,Smiling,0.5726,0.4115491393670182,-176.53525818989453,260.0
0,249,1_0_2_20161219222602319.jpg.chip.jpg,Not smiling,0.4391,0.26329816768461956,221.01054969461413,150.0
0,250,1_0_2_20161219160955846.jpg.chip.jpg,Not smiling,0.533,0.36757357023875625,189.72792892837313,240.0
0,251,1_0_2_20161219204655933.jpg.chip.jpg,Smiling,0.4312,0.2545252637423654,-223.6424208772904,257.0
0,252,1_0_2_20161219195737467.jpg.chip.jpg,Not smiling,0.4522,0.27784564131038303,216.6463076068851,183.0
0,253,1_0_2_20161219194820459.jpg.chip.jpg,Not smiling,0.4834,0.312493059411438,206.2520821765686,229.0
0,254,1_1_2_20161219162243182.jpg.chip.jpg,Smiling,0.4319,0.25530260966129925,-223.40921710161024,213.0
0,255,1_0_2_20161219155659165.jpg.chip.jpg,Smiling,0.5021,0.3332593003886729,-200.02220988339812,92.0
0,256,1_0_2_20161219211706614.jpg.chip.jpg,Smiling,0.4807,0.30949472515269294,-207.15158245419212,288.0
0,257,1_1_2_20161219221154447.jpg.chip.jpg,Not smiling,0.4116,0.23275957801221545,230.17212659633535,161.0
0,258,1_0_2_20161219205225773.jpg.chip.jpg,Not smiling,0.3791,0.19666851749028316,240.99944475291505,131.0
0,259,1_0_2_20161219211231133.jpg.chip.jpg,Not smiling,0.3307,0.1429205996668517,257.1238200999445,153.0
0,260,1_1_2_20161219155927997.jpg.chip.jpg,Smiling,0.4249,0.24752915047195997,-225.741254858412,34.0
0,261,1_1_2_20161219205233581.jpg.chip.jpg,Not smiling,0.4543,0.2801776790671848,215.94669627984456,298.0
0,262,1_1_2_20161219221253335.jpg.chip.jpg,Smiling,0.4807,0.30949472515269294,-207.15158245419212,246.0
0,263,1_0_2_20161219194543059.jpg.chip.jpg,Not smiling,0.5576,0.3948917268184341,181.53248195446977,87.0
0,264,1_1_2_20161219212221341.jpg.chip.jpg,Not smiling,0.4381,0.26218767351471395,221.3436979455858,235.0
0,265,1_0_2_20161219221751759.jpg.chip.jpg,Not smiling,0.3898,0.20855080510827315,237.43475846751804,225.0
0,266,1_0_2_20161219212929702.jpg.chip.jpg,Smiling,0.3977,0.21732370905052747,-234.80288728484177,47.0
0,267,1_1_2_20161219211948405.jpg.chip.jpg,Not smiling,0.4842,0.31338145474736256,205.98556357579122,144.0
0,268,1_1_2_20161219220519457.jpg.chip.jpg,Not smiling,0.6699,0.5196002220988339,144.11993337034983,171.0
0,269,1_1_2_20161219192458643.jpg.chip.jpg,Not smiling,0.3375,0.1504719600222099,254.85841199333703,83.0
0,270,1_0_2_20161219140530307.jpg.chip.jpg,Smiling,0.4552,0.28117712382009985,-215.64686285397005,286.0
0,271,1_0_2_20161219205827749.jpg.chip.jpg,Smiling,0.4241,0.24664075513603548,-226.00777345918937,68.0
0,272,1_1_2_20161219205514837.jpg.chip.jpg,Not smiling,0.5532,0.39000555247084945,182.99833425874516,45.0
0,273,1_0_2_20161219204418485.jpg.chip.jpg,Not smiling,0.5363,0.3712382009994447,188.62853970016658,239.0
0,274,1_0_2_20161219141817185.jpg.chip.jpg,Smiling,0.4827,0.31171571349250415,-206.48528595224874,176.0
0,275,1_0_2_20161219155349310.jpg.chip.jpg,Smiling,0.4186,0.2405330372015547,-227.8400888395336,157.0
0,276,1_0_2_20161219195959395.jpg.chip.jpg,Smiling,0.5145,0.3470294280955024,-195.89117157134928,98.0
0,277,1_1_2_20161219190719971.jpg.chip.jpg,Not smiling,0.3966,0.21610216546363128,235.1693503609106,168.0
0,278,1_1_2_20161219200456451.jpg.chip.jpg,Not smiling,0.4412,0.26563020544142135,220.31093836757358,4.0
0,279,1_0_2_20161219195130076.jpg.chip.jpg,Not smiling,0.404,0.2243198223209328,232.70405330372014,211.0
0,280,1_1_2_20161219142106376.jpg.chip.jpg,Not smiling,0.5363,0.3712382009994447,188.62853970016658,29.0
0,281,1_0_2_20161219155701277.jpg.chip.jpg,Not smiling,0.577,0.41643531371460285,175.06940588561915,119.0
0,282,1_0_2_20161219201331164.jpg.chip.jpg,Not smiling,0.5386,0.37379233759022756,187.86229872293174,227.0
0,283,1_1_2_20161219155926197.jpg.chip.jpg,Not smiling,0.4323,0.25574680732926147,223.27595780122155,3.0
0,284,1_0_2_20161219222219286.jpg.chip.jpg,Not smiling,0.4172,0.2389783453636868,228.30649639089395,103.0
0,285,1_0_2_20161219213454832.jpg.chip.jpg,Not smiling,0.4513,0.276846196557468,216.9461410327596,139.0
0,286,1_0_2_20161219161431358.jpg.chip.jpg,Smiling,0.5321,0.3665741254858411,-190.02776235424767,203.0
0,287,1_0_2_20161219222456375.jpg.chip.jpg,Not smiling,0.4027,0.2228761799000555,233.13714602998334,60.0
0,288,1_0_2_20161219153658004.jpg.chip.jpg,Not smiling,0.3711,0.18778456413103825,243.6646307606885,248.0
0,289,1_0_2_20161219142135209.jpg.chip.jpg,Not smiling,0.5385,0.373681288173237,187.8956135480289,177.0
0,290,1_0_2_20161219194716652.jpg.chip.jpg,Not smiling,0.3701,0.18667406996113264,243.99777901166019,162.0
0,291,1_0_2_20161219155413397.jpg.chip.jpg,Smiling,0.447,0.27207107162687394,-218.3786785119378,91.0
0,292,1_0_2_20161219162817126.jpg.chip.jpg,Not smiling,0.4566,0.2827318156579678,215.18045530260966,27.0
0,293,1_0_2_20161219204951309.jpg.chip.jpg,Not smiling,0.7036,0.5570238756246528,132.89283731260414,266.0
0,294,1_1_2_20161219202522028.jpg.chip.jpg,Not smiling,0.534,0.36868406440866186,189.39478067740143,94.0
0,295,1_0_2_20161219142409225.jpg.chip.jpg,Not smiling,0.6183,0.4622987229317045,161.31038312048867,212.0
0,296,1_0_2_20161219153457308.jpg.chip.jpg,Smiling,0.4014,0.22143253747917815,-233.57023875624657,293.0
0,297,1_1_2_20161219222154119.jpg.chip.jpg,Smiling,0.4511,0.27662409772348684,-217.01277068295394,226.0
0,298,1_1_2_20161219193510436.jpg.chip.jpg,Not smiling,0.5203,0.3534702942809549,193.95891171571353,78.0
0,299,1_1_2_20161219204542005.jpg.chip.jpg,Not smiling,0.3594,0.17479178234314266,247.5624652970572,32.0
0,300,1_0_2_20161219204836612.jpg.chip.jpg,Not smiling,0.9494,0.8299833425874514,51.00499722376457,61.0
